Timestamp,Production_W,Consumption_W,Net_W,PanelTotal_W
2025-08-14 07:40:24,240,796,-556,208
2025-08-14 07:40:40,202,720,-518,208
2025-08-14 07:40:55,199,727,-528,208
2025-08-14 07:41:10,205,761,-556,208
2025-08-14 07:41:25,197,745,-548,208
2025-08-14 07:41:40,228,707,-479,209
2025-08-14 07:41:55,208,810,-601,209
2025-08-14 07:42:10,224,743,-519,209
2025-08-14 07:42:25,239,738,-499,209
2025-08-14 07:42:40,245,776,-531,210
2025-08-14 07:42:56,229,752,-523,210
2025-08-14 07:43:11,219,742,-523,210
2025-08-14 07:43:26,204,738,-534,210
2025-08-14 07:43:41,251,715,-464,212
2025-08-14 07:44:36,198,707,-509,217
2025-08-14 07:44:51,215,703,-488,217
2025-08-14 07:45:06,234,706,-472,218
2025-08-14 07:45:21,213,704,-491,218
2025-08-14 07:45:36,227,721,-494,220
2025-08-14 07:45:51,204,701,-497,220
2025-08-14 07:46:06,240,710,-469,221
2025-08-14 07:46:22,213,713,-500,221
2025-08-14 07:46:37,224,733,-509,222
2025-08-14 07:46:52,226,708,-482,222
2025-08-14 07:47:07,221,743,-522,223
2025-08-14 07:47:22,236,724,-488,223
2025-08-14 07:47:37,223,697,-474,224
2025-08-14 07:48:29,228,711,-483,225
2025-08-14 07:48:45,251,704,-452,225
2025-08-14 07:49:00,256,694,-438,228
2025-08-14 07:49:15,247,710,-463,228
2025-08-14 07:49:30,229,690,-461,228
2025-08-14 07:49:45,268,701,-434,229
2025-08-14 07:50:00,249,728,-479,230
2025-08-14 07:50:15,262,745,-483,230
2025-08-14 07:50:30,266,718,-452,230
2025-08-14 07:50:45,252,719,-467,230
2025-08-14 07:51:00,241,719,-478,231
2025-08-14 07:51:16,287,714,-427,231
2025-08-14 07:51:31,247,681,-434,233
2025-08-14 07:51:46,282,908,-626,233
2025-08-14 07:52:01,273,931,-658,234
2025-08-14 07:52:16,264,915,-650,234
2025-08-14 07:52:31,296,912,-616,238
2025-08-14 07:52:46,263,909,-646,238
2025-08-14 07:53:01,262,900,-638,239
2025-08-14 07:53:16,251,938,-688,239
2025-08-14 07:53:31,293,920,-627,242
2025-08-14 07:53:46,287,907,-619,242
2025-08-14 07:54:02,289,898,-609,242
2025-08-14 07:54:17,309,904,-595,242
2025-08-14 07:54:32,281,915,-634,251
2025-08-14 07:54:47,306,946,-640,251
2025-08-14 07:55:02,288,913,-625,260
2025-08-14 07:55:17,304,921,-617,260
2025-08-14 07:55:32,298,1056,-758,262
2025-08-14 07:55:47,293,902,-609,262
2025-08-14 07:56:02,326,910,-584,264
2025-08-14 07:56:18,286,908,-622,264
2025-08-14 07:56:33,327,917,-590,268
2025-08-14 07:56:48,302,926,-624,268
2025-08-14 07:57:03,306,928,-622,272
2025-08-14 07:57:18,303,892,-589,274
2025-08-14 07:57:33,326,888,-562,274
2025-08-14 07:57:48,314,897,-584,274
2025-08-14 07:58:03,302,892,-589,280
2025-08-14 07:58:18,326,888,-562,280
2025-08-14 07:58:33,298,897,-599,282
2025-08-14 07:58:49,324,902,-578,282
2025-08-14 07:59:04,298,884,-586,286
2025-08-14 07:59:19,306,877,-571,286
2025-08-14 07:59:34,346,942,-596,286
2025-08-14 07:59:49,310,899,-589,286
2025-08-14 08:00:04,343,920,-577,297
2025-08-14 08:00:19,301,927,-627,297
2025-08-14 08:00:34,341,918,-577,305
2025-08-14 08:00:49,331,895,-563,307
2025-08-14 08:01:05,333,902,-569,307
2025-08-14 08:01:20,311,897,-586,309
2025-08-14 08:01:35,342,888,-546,309
2025-08-14 08:01:50,315,898,-583,311
2025-08-14 08:02:05,344,918,-573,311
2025-08-14 08:02:20,326,927,-601,311
2025-08-14 08:02:35,354,916,-562,314
2025-08-14 08:02:50,311,901,-590,316
2025-08-14 08:03:05,300,894,-594,316
2025-08-14 08:03:20,333,897,-564,321
2025-08-14 08:03:35,294,922,-629,321
2025-08-14 08:03:50,340,884,-544,321
2025-08-14 08:04:06,327,898,-571,323
2025-08-14 08:04:21,321,905,-584,327
2025-08-14 08:04:36,331,915,-584,327
2025-08-14 08:04:51,325,916,-591,327
2025-08-14 08:05:06,336,924,-588,327
2025-08-14 08:05:21,302,908,-606,327
2025-08-14 08:05:36,317,893,-576,331
2025-08-14 08:05:51,298,884,-586,331
2025-08-14 08:06:06,323,877,-554,334
2025-08-14 08:06:21,317,912,-594,335
2025-08-14 08:06:37,329,913,-584,335
2025-08-14 08:06:52,320,901,-581,335
2025-08-14 08:07:07,334,904,-570,335
2025-08-14 08:07:22,324,891,-567,335
2025-08-14 08:07:37,304,897,-593,335
2025-08-14 08:07:52,305,910,-606,335
2025-08-14 08:08:07,300,879,-579,335
2025-08-14 08:08:23,303,880,-577,335
2025-08-14 08:08:38,294,879,-585,335
2025-08-14 08:08:53,311,895,-585,335
2025-08-14 08:09:08,301,875,-573,334
2025-08-14 08:09:23,299,906,-606,333
2025-08-14 08:09:38,303,884,-582,333
2025-08-14 08:09:53,297,885,-588,331
2025-08-14 08:10:08,295,864,-568,331
2025-08-14 08:10:23,277,849,-572,331
2025-08-14 08:10:38,276,875,-598,331
2025-08-14 08:10:53,270,856,-586,331
2025-08-14 08:11:09,289,854,-565,327
2025-08-14 08:11:24,282,866,-584,323
2025-08-14 08:11:39,276,863,-586,323
2025-08-14 08:11:54,265,894,-628,322
2025-08-14 08:12:09,283,863,-581,322
2025-08-14 08:12:24,281,873,-592,321
2025-08-14 08:12:39,259,846,-587,321
2025-08-14 08:12:54,273,867,-594,319
2025-08-14 08:13:09,273,862,-590,319
2025-08-14 08:13:24,286,855,-570,317
2025-08-14 08:13:43,282,886,-605,317
2025-08-14 08:13:58,291,904,-613,316
2025-08-14 08:14:13,280,899,-619,316
2025-08-14 08:14:28,289,900,-611,312
2025-08-14 08:14:43,291,910,-619,312
2025-08-14 08:14:58,284,933,-649,312
2025-08-14 08:15:13,285,646,-361,312
2025-08-14 08:15:29,300,660,-360,309
2025-08-14 08:15:44,287,655,-368,309
2025-08-14 08:15:59,271,656,-385,309
2025-08-14 08:16:14,285,645,-360,309
2025-08-14 08:16:29,309,682,-373,304
2025-08-14 08:16:44,297,608,-312,304
2025-08-14 08:16:59,283,618,-335,300
2025-08-14 08:17:14,277,648,-371,300
2025-08-14 08:17:29,277,642,-365,299
2025-08-14 08:17:45,289,650,-361,299
2025-08-14 08:18:00,265,650,-385,298
2025-08-14 08:18:15,287,649,-363,298
2025-08-14 08:18:30,275,643,-368,297
2025-08-14 08:18:45,290,651,-361,297
2025-08-14 08:19:00,276,623,-347,296
2025-08-14 08:19:15,298,634,-336,296
2025-08-14 08:19:30,284,592,-309,295
2025-08-14 08:19:45,295,661,-366,295
2025-08-14 08:20:00,271,592,-321,294
2025-08-14 08:20:15,274,601,-326,294
2025-08-14 08:20:31,297,667,-370,294
2025-08-14 08:20:46,270,644,-374,294
2025-08-14 08:21:01,270,641,-371,294
2025-08-14 08:21:16,268,766,-498,294
2025-08-14 08:21:31,273,713,-440,294
2025-08-14 08:21:46,283,708,-425,294
2025-08-14 08:22:01,306,731,-425,294
2025-08-14 08:22:16,280,767,-488,294
2025-08-14 08:22:31,319,779,-460,294
2025-08-14 08:22:46,315,779,-464,294
2025-08-14 08:23:01,293,765,-472,294
2025-08-14 08:23:17,273,778,-505,294
2025-08-14 08:23:32,297,770,-473,294
2025-08-14 08:23:47,302,757,-454,294
2025-08-14 08:24:02,298,715,-417,296
2025-08-14 08:24:17,290,723,-433,296
2025-08-14 08:24:32,309,720,-410,296
2025-08-14 08:24:47,291,741,-450,296
2025-08-14 08:25:02,311,825,-515,296
2025-08-14 08:25:17,323,788,-465,296
2025-08-14 08:25:32,295,743,-448,296
2025-08-14 08:25:47,300,743,-444,296
2025-08-14 08:26:03,292,691,-399,296
2025-08-14 08:26:18,300,726,-425,296
2025-08-14 08:26:33,313,755,-442,296
2025-08-14 08:26:48,300,762,-461,296
2025-08-14 08:27:03,314,772,-458,296
2025-08-14 08:27:18,333,769,-436,296
2025-08-14 08:27:33,301,784,-483,297
2025-08-14 08:27:48,294,787,-493,297
2025-08-14 08:28:03,315,737,-422,299
2025-08-14 08:28:19,308,749,-441,299
2025-08-14 08:28:34,322,749,-426,300
2025-08-14 08:28:49,335,747,-412,300
2025-08-14 08:29:04,290,740,-450,301
2025-08-14 08:29:19,283,751,-467,301
2025-08-14 08:29:34,282,709,-427,301
2025-08-14 08:29:49,299,764,-464,301
2025-08-14 08:30:04,314,763,-450,302
2025-08-14 08:30:19,327,767,-440,302
2025-08-14 08:30:34,301,746,-444,303
2025-08-14 08:30:50,302,730,-428,303
2025-08-14 08:31:05,341,761,-419,306
2025-08-14 08:31:20,313,672,-359,306
2025-08-14 08:31:35,349,733,-384,307
2025-08-14 08:31:50,371,773,-401,307
2025-08-14 08:32:05,343,705,-363,309
2025-08-14 08:32:20,362,759,-397,309
2025-08-14 08:32:35,322,750,-428,309
2025-08-14 08:32:50,341,778,-437,309
2025-08-14 08:33:05,341,786,-445,314
2025-08-14 08:33:21,315,743,-427,314
2025-08-14 08:33:36,326,755,-429,318
2025-08-14 08:33:51,329,746,-417,318
2025-08-14 08:34:06,334,728,-394,319
2025-08-14 08:34:21,325,705,-380,319
2025-08-14 08:34:36,331,703,-373,320
2025-08-14 08:34:51,354,723,-369,320
2025-08-14 08:35:06,314,738,-424,321
2025-08-14 08:35:21,355,707,-352,321
2025-08-14 08:35:36,331,721,-390,323
2025-08-14 08:35:51,338,745,-407,323
2025-08-14 08:36:07,332,728,-396,324
2025-08-14 08:36:22,315,735,-421,324
2025-08-14 08:36:37,319,693,-374,327
2025-08-14 08:36:52,318,738,-420,327
2025-08-14 08:37:07,356,761,-405,328
2025-08-14 08:37:22,337,776,-439,328
2025-08-14 08:37:37,351,773,-422,330
2025-08-14 08:37:53,333,753,-420,330
2025-08-14 08:38:08,328,735,-406,330
2025-08-14 08:38:23,326,755,-430,330
2025-08-14 08:38:38,329,765,-435,335
2025-08-14 08:38:57,313,753,-440,335
2025-08-14 08:39:12,365,802,-436,339
2025-08-14 08:39:27,342,790,-447,340
2025-08-14 08:39:42,350,815,-465,340
2025-08-14 08:39:57,331,719,-388,341
2025-08-14 08:40:12,336,697,-361,341
2025-08-14 08:40:27,317,700,-383,342
2025-08-14 08:40:42,319,709,-390,342
2025-08-14 08:40:57,333,703,-369,344
2025-08-14 08:41:12,325,717,-392,344
2025-08-14 08:41:28,331,716,-386,344
2025-08-14 08:41:43,337,730,-393,344
2025-08-14 08:41:58,323,721,-398,346
2025-08-14 08:42:13,317,705,-388,346
2025-08-14 08:42:28,345,727,-382,346
2025-08-14 08:42:43,338,729,-391,346
2025-08-14 08:42:58,305,727,-422,346
2025-08-14 08:43:13,317,719,-402,346
2025-08-14 08:43:28,321,735,-413,346
2025-08-14 08:43:44,311,726,-416,346
2025-08-14 08:44:36,321,687,-365,344
2025-08-14 08:44:51,320,714,-394,344
2025-08-14 08:45:06,331,697,-367,343
2025-08-14 08:45:22,300,693,-393,343
2025-08-14 08:45:37,320,709,-389,342
2025-08-14 08:45:52,318,701,-383,342
2025-08-14 08:46:07,318,678,-360,341
2025-08-14 08:46:22,360,713,-353,341
2025-08-14 08:46:37,313,689,-376,340
2025-08-14 08:46:52,335,702,-366,340
2025-08-14 08:47:07,320,681,-361,340
2025-08-14 08:47:22,333,723,-390,340
2025-08-14 08:47:37,338,710,-373,340
2025-08-14 08:47:52,343,736,-393,340
2025-08-14 08:48:08,277,710,-433,340
2025-08-14 08:48:23,311,674,-362,340
2025-08-14 08:48:38,346,713,-367,339
2025-08-14 08:48:53,331,711,-381,339
2025-08-14 08:49:08,309,705,-395,339
2025-08-14 08:49:23,299,684,-386,339
2025-08-14 08:49:38,315,703,-388,340
2025-08-14 08:49:53,331,699,-368,340
2025-08-14 08:50:08,311,717,-406,337
2025-08-14 08:50:23,323,707,-384,337
2025-08-14 08:50:39,347,702,-355,337
2025-08-14 08:50:54,318,663,-344,337
2025-08-14 08:51:09,320,681,-361,337
2025-08-14 08:51:24,294,675,-382,337
2025-08-14 08:51:39,317,690,-373,337
2025-08-14 08:51:54,298,684,-386,337
2025-08-14 08:52:09,324,696,-372,336
2025-08-14 08:52:24,296,686,-390,336
2025-08-14 08:52:39,325,699,-374,336
2025-08-14 08:52:54,297,672,-374,336
2025-08-14 08:53:09,299,677,-378,334
2025-08-14 08:53:25,321,708,-387,334
2025-08-14 08:53:40,302,670,-368,333
2025-08-14 08:53:55,296,686,-390,333
2025-08-14 08:54:10,318,683,-365,332
2025-08-14 08:54:25,298,706,-408,332
2025-08-14 08:54:40,289,674,-385,332
2025-08-14 08:54:55,291,716,-425,332
2025-08-14 08:55:10,292,694,-403,327
2025-08-14 08:55:25,308,714,-405,327
2025-08-14 08:55:40,283,670,-387,324
2025-08-14 08:55:56,284,668,-385,323
2025-08-14 08:56:11,296,699,-402,323
2025-08-14 08:56:26,284,673,-389,322
2025-08-14 08:56:41,315,690,-375,322
2025-08-14 08:56:56,292,686,-395,322
2025-08-14 08:57:11,314,740,-426,320
2025-08-14 08:57:26,344,743,-398,320
2025-08-14 08:57:41,293,751,-458,318
2025-08-14 08:57:56,319,766,-448,316
2025-08-14 08:58:11,290,728,-438,316
2025-08-14 08:58:27,309,715,-405,316
2025-08-14 08:58:42,298,703,-405,313
2025-08-14 08:58:57,305,710,-405,312
2025-08-14 08:59:12,292,707,-415,312
2025-08-14 08:59:27,283,684,-401,312
2025-08-14 08:59:42,313,715,-402,311
2025-08-14 08:59:57,304,715,-412,311
2025-08-14 09:00:12,300,727,-427,311
2025-08-14 09:00:27,271,693,-423,311
2025-08-14 09:00:43,313,724,-411,308
2025-08-14 09:00:58,291,714,-423,308
2025-08-14 09:01:13,282,708,-426,307
2025-08-14 09:01:28,298,721,-422,307
2025-08-14 09:01:43,284,679,-394,307
2025-08-14 09:01:58,296,624,-328,307
2025-08-14 09:02:14,278,682,-404,307
2025-08-14 09:02:29,302,700,-398,307
2025-08-14 09:02:44,283,666,-383,307
2025-08-14 09:02:59,316,774,-458,306
2025-08-14 09:03:14,308,712,-403,306
2025-08-14 09:03:30,287,696,-409,307
2025-08-14 09:03:45,311,673,-363,307
2025-08-14 09:04:00,302,664,-362,307
2025-08-14 09:04:15,306,654,-348,307
2025-08-14 09:04:30,313,694,-381,307
2025-08-14 09:04:45,320,695,-375,307
2025-08-14 09:05:00,320,704,-384,306
2025-08-14 09:05:15,326,733,-408,306
2025-08-14 09:05:30,334,669,-334,306
2025-08-14 09:05:45,289,672,-383,306
2025-08-14 09:06:00,294,707,-412,306
2025-08-14 09:06:16,324,724,-400,307
2025-08-14 09:06:31,321,720,-399,307
2025-08-14 09:06:46,319,707,-387,308
2025-08-14 09:07:01,340,724,-384,308
2025-08-14 09:07:16,312,713,-401,308
2025-08-14 09:07:31,320,716,-396,309
2025-08-14 09:07:46,316,735,-418,309
2025-08-14 09:08:01,330,698,-367,310
2025-08-14 09:08:17,310,721,-411,310
2025-08-14 09:08:32,319,698,-379,310
2025-08-14 09:08:47,310,697,-387,312
2025-08-14 09:09:02,301,702,-401,313
2025-08-14 09:09:17,342,690,-349,313
2025-08-14 09:09:32,326,739,-413,316
2025-08-14 09:09:51,338,672,-334,316
2025-08-14 09:10:06,282,664,-383,317
2025-08-14 09:10:21,310,717,-408,317
2025-08-14 09:11:13,332,701,-369,319
2025-08-14 09:11:28,308,697,-389,319
2025-08-14 09:11:43,290,668,-378,323
2025-08-14 09:11:59,310,672,-362,323
2025-08-14 09:12:49,306,684,-378,326
2025-08-14 09:13:04,299,711,-412,326
2025-08-14 09:13:19,322,658,-336,326
2025-08-14 09:13:34,292,658,-367,327
2025-08-14 09:13:49,308,646,-338,327
2025-08-14 09:14:04,345,672,-327,328
2025-08-14 09:14:19,353,702,-350,328
2025-08-14 09:14:34,325,713,-388,328
2025-08-14 09:14:50,329,718,-390,328
2025-08-14 09:15:05,321,700,-378,328
2025-08-14 09:15:20,325,725,-400,328
2025-08-14 09:15:35,333,703,-370,329
2025-08-14 09:15:51,305,2915,-2610,329
2025-08-14 09:16:06,329,3331,-3003,329
2025-08-14 09:16:21,328,3647,-3319,329
2025-08-14 09:16:36,319,3582,-3262,329
2025-08-14 09:16:51,322,3601,-3280,329
2025-08-14 09:17:06,371,3585,-3214,330
2025-08-14 09:17:21,328,3637,-3309,330
2025-08-14 09:17:36,316,3619,-3302,331
2025-08-14 09:17:51,314,3600,-3286,331
2025-08-14 09:18:06,339,3679,-3340,331
2025-08-14 09:18:21,346,3631,-3286,331
2025-08-14 09:18:37,318,3610,-3292,331
2025-08-14 09:18:52,326,3611,-3285,331
2025-08-14 09:19:07,337,3635,-3298,331
2025-08-14 09:19:22,349,3623,-3273,331
2025-08-14 09:19:37,345,3584,-3239,331
2025-08-14 09:19:52,330,3590,-3260,331
2025-08-14 09:20:11,361,3592,-3230,332
2025-08-14 09:20:26,371,3656,-3285,332
2025-08-14 09:20:41,351,3630,-3279,332
2025-08-14 09:20:56,369,3663,-3294,332
2025-08-14 09:21:11,351,3628,-3277,332
2025-08-14 09:21:26,346,3605,-3259,332
2025-08-14 09:21:41,350,3585,-3234,334
2025-08-14 09:21:56,348,3603,-3256,334
2025-08-14 09:22:11,368,3618,-3251,334
2025-08-14 09:22:26,347,3650,-3303,334
2025-08-14 09:22:41,349,3624,-3275,339
2025-08-14 09:22:57,346,3622,-3275,339
2025-08-14 09:23:12,344,3616,-3272,343
2025-08-14 09:23:27,340,3586,-3246,343
2025-08-14 09:23:42,382,3679,-3297,344
2025-08-14 09:23:57,335,3578,-3243,344
2025-08-14 09:24:12,389,3596,-3208,345
2025-08-14 09:24:27,357,3590,-3233,345
2025-08-14 09:24:42,357,3590,-3233,347
2025-08-14 09:24:57,342,3535,-3193,347
2025-08-14 09:25:12,345,3509,-3164,350
2025-08-14 09:25:27,388,3500,-3112,350
2025-08-14 09:25:43,368,3545,-3176,351
2025-08-14 09:25:58,390,3554,-3164,351
2025-08-14 09:26:13,364,3509,-3145,356
2025-08-14 09:26:28,362,3530,-3168,356
2025-08-14 09:26:43,394,3512,-3118,358
2025-08-14 09:26:58,380,3539,-3159,358
2025-08-14 09:27:13,383,3583,-3201,360
2025-08-14 09:27:28,359,3553,-3195,360
2025-08-14 09:27:43,378,3589,-3211,360
2025-08-14 09:27:58,370,3541,-3172,360
2025-08-14 09:28:13,386,3512,-3126,365
2025-08-14 09:28:29,351,3519,-3168,365
2025-08-14 09:28:44,390,3546,-3156,370
2025-08-14 09:28:59,342,3517,-3175,370
2025-08-14 09:29:14,383,3542,-3159,372
2025-08-14 09:29:29,372,3592,-3220,372
2025-08-14 09:29:44,380,3564,-3184,372
2025-08-14 09:30:00,362,3551,-3189,372
2025-08-14 09:30:15,411,3520,-3109,373
2025-08-14 09:30:30,376,3540,-3164,373
2025-08-14 09:30:45,369,3555,-3186,374
2025-08-14 09:31:00,378,3550,-3172,374
2025-08-14 09:31:15,394,3598,-3204,375
2025-08-14 09:31:30,378,3556,-3179,375
2025-08-14 09:31:45,400,3569,-3169,375
2025-08-14 09:32:00,399,3533,-3133,375
2025-08-14 09:32:15,402,3544,-3142,376
2025-08-14 09:32:30,389,3540,-3151,376
2025-08-14 09:32:46,426,3544,-3118,378
2025-08-14 09:33:01,371,3546,-3176,378
2025-08-14 09:33:16,422,3557,-3135,378
2025-08-14 09:33:31,397,3678,-3281,378
2025-08-14 09:33:46,420,3659,-3240,385
2025-08-14 09:34:01,430,3592,-3162,385
2025-08-14 09:34:16,412,3585,-3173,392
2025-08-14 09:34:31,420,3551,-3130,392
2025-08-14 09:34:46,415,3589,-3175,393
2025-08-14 09:35:01,442,3562,-3120,393
2025-08-14 09:35:16,417,3544,-3127,394
2025-08-14 09:35:32,430,3559,-3129,394
2025-08-14 09:35:47,425,3587,-3162,396
2025-08-14 09:36:02,418,3523,-3105,396
2025-08-14 09:36:17,418,3548,-3130,398
2025-08-14 09:36:32,422,3580,-3159,398
2025-08-14 09:36:47,411,3510,-3098,400
2025-08-14 09:37:02,459,3567,-3108,400
2025-08-14 09:37:17,463,3563,-3100,406
2025-08-14 09:37:32,481,3585,-3104,406
2025-08-14 09:37:47,453,3595,-3142,407
2025-08-14 09:38:06,445,3588,-3143,407
2025-08-14 09:38:21,475,3554,-3078,410
2025-08-14 09:38:36,454,3636,-3182,410
2025-08-14 09:38:51,498,3579,-3081,410
2025-08-14 09:39:06,452,3604,-3152,410
2025-08-14 09:39:21,521,3608,-3087,427
2025-08-14 09:39:36,479,3568,-3089,427
2025-08-14 09:39:51,488,3572,-3083,436
2025-08-14 09:40:07,458,3535,-3076,440
2025-08-14 09:40:22,487,3573,-3087,440
2025-08-14 09:40:37,490,3613,-3123,443
2025-08-14 09:41:29,522,3613,-3090,446
2025-08-14 09:41:45,515,3625,-3110,450
2025-08-14 09:42:00,509,3599,-3090,450
2025-08-14 09:42:15,511,3633,-3122,453
2025-08-14 09:42:30,525,3584,-3059,453
2025-08-14 09:42:45,515,3591,-3076,464
2025-08-14 09:43:00,519,3559,-3040,464
2025-08-14 09:43:15,517,3586,-3069,467
2025-08-14 09:43:30,525,3598,-3073,467
2025-08-14 09:43:45,562,3578,-3016,474
2025-08-14 09:44:00,528,3563,-3035,474
2025-08-14 09:44:15,530,3598,-3068,474
2025-08-14 09:44:31,548,3586,-3038,474
2025-08-14 09:44:46,538,3598,-3060,495
2025-08-14 09:45:01,527,3629,-3101,495
2025-08-14 09:45:16,556,3605,-3049,508
2025-08-14 09:45:31,543,3569,-3026,508
2025-08-14 09:46:45,557,956,-399,516
2025-08-14 09:47:00,563,609,-46,516
2025-08-14 09:47:15,553,596,-43,522
2025-08-14 09:47:30,547,620,-73,522
2025-08-14 09:47:45,553,594,-41,524
2025-08-14 09:48:00,543,595,-52,524
2025-08-14 09:48:15,562,655,-93,531
2025-08-14 09:48:30,568,598,-30,531
2025-08-14 09:48:45,568,572,-4,531
2025-08-14 09:49:00,575,591,-16,531
2025-08-14 09:49:16,581,617,-36,538
2025-08-14 09:49:31,584,587,-2,538
2025-08-14 09:49:46,583,593,-11,538
2025-08-14 09:50:01,573,555,19,538
2025-08-14 09:50:16,572,591,-20,553
2025-08-14 09:50:31,590,630,-41,553
2025-08-14 09:50:46,585,626,-40,564
2025-08-14 09:51:01,591,625,-34,564
2025-08-14 09:51:16,608,624,-16,565
2025-08-14 09:51:31,587,566,21,565
2025-08-14 09:51:46,606,595,11,566
2025-08-14 09:52:02,595,575,20,566
2025-08-14 09:52:17,618,598,20,567
2025-08-14 09:52:32,594,583,10,567
2025-08-14 09:52:47,616,622,-6,571
2025-08-14 09:53:02,605,577,28,571
2025-08-14 09:53:17,613,578,35,573
2025-08-14 09:53:32,613,610,2,573
2025-08-14 09:53:47,620,602,18,581
2025-08-14 09:54:02,611,561,49,581
2025-08-14 09:54:17,619,576,44,582
2025-08-14 09:54:33,611,601,10,582
2025-08-14 09:54:48,702,668,34,591
2025-08-14 09:55:03,624,610,14,591
2025-08-14 09:55:18,623,579,44,591
2025-08-14 09:55:33,635,578,57,591
2025-08-14 09:55:48,604,559,46,593
2025-08-14 09:56:03,627,569,58,593
2025-08-14 09:56:18,637,599,37,604
2025-08-14 09:56:33,604,562,42,604
2025-08-14 09:56:48,622,623,-0,607
2025-08-14 09:57:03,598,565,33,607
2025-08-14 09:57:19,635,590,44,609
2025-08-14 09:57:34,648,580,68,609
2025-08-14 09:57:49,633,582,50,610
2025-08-14 09:58:04,638,568,70,610
2025-08-14 09:58:19,629,548,81,612
2025-08-14 09:58:34,656,584,73,612
2025-08-14 09:58:49,631,580,51,616
2025-08-14 09:59:04,622,574,48,616
2025-08-14 09:59:19,637,567,70,621
2025-08-14 09:59:34,634,577,57,621
2025-08-14 09:59:49,622,556,66,624
2025-08-14 10:00:04,631,617,14,624
2025-08-14 10:00:20,630,580,51,625
2025-08-14 10:00:35,602,570,32,625
2025-08-14 10:00:50,633,580,52,625
2025-08-14 10:01:05,631,568,63,625
2025-08-14 10:01:20,626,580,46,628
2025-08-14 10:01:35,664,596,68,628
2025-08-14 10:01:50,668,648,20,630
2025-08-14 10:02:05,690,643,46,630
2025-08-14 10:02:20,632,637,-5,631
2025-08-14 10:02:35,620,609,10,631
2025-08-14 10:02:50,639,613,25,631
2025-08-14 10:03:06,650,625,25,631
2025-08-14 10:03:21,669,684,-14,634
2025-08-14 10:03:36,664,622,42,634
2025-08-14 10:03:51,656,616,40,635
2025-08-14 10:04:06,644,584,59,635
2025-08-14 10:04:21,624,618,6,636
2025-08-14 10:04:36,660,616,44,636
2025-08-14 10:04:51,664,615,50,638
2025-08-14 10:05:06,671,606,65,638
2025-08-14 10:05:21,662,597,65,639
2025-08-14 10:05:36,674,632,43,639
2025-08-14 10:05:52,684,619,65,639
2025-08-14 10:06:07,649,598,52,639
2025-08-14 10:06:22,687,610,77,639
2025-08-14 10:06:37,685,605,79,639
2025-08-14 10:06:52,677,611,66,645
2025-08-14 10:07:07,694,555,139,645
2025-08-14 10:07:22,675,601,74,654
2025-08-14 10:07:37,688,609,79,654
2025-08-14 10:07:52,654,547,107,656
2025-08-14 10:08:07,661,560,100,656
2025-08-14 10:08:22,664,565,99,657
2025-08-14 10:08:38,646,566,80,657
2025-08-14 10:08:53,609,567,42,658
2025-08-14 10:09:08,627,530,98,658
2025-08-14 10:09:23,632,546,86,660
2025-08-14 10:09:38,627,526,101,660
2025-08-14 10:09:53,655,594,61,662
2025-08-14 10:10:08,649,623,27,662
2025-08-14 10:10:23,662,596,66,664
2025-08-14 10:10:38,684,558,126,664
2025-08-14 10:10:53,708,591,117,666
2025-08-14 10:11:08,716,572,144,666
2025-08-14 10:11:24,712,663,49,668
2025-08-14 10:11:39,691,676,14,668
2025-08-14 10:11:57,705,657,48,668
2025-08-14 10:12:12,702,671,31,668
2025-08-14 10:12:27,697,649,48,677
2025-08-14 10:12:42,715,655,60,677
2025-08-14 10:12:57,731,666,65,678
2025-08-14 10:13:12,713,675,38,679
2025-08-14 10:13:28,732,689,43,679
2025-08-14 10:13:43,719,684,34,679
2025-08-14 10:13:58,728,684,44,679
2025-08-14 10:14:13,754,669,85,679
2025-08-14 10:14:28,756,678,79,679
2025-08-14 10:14:43,772,711,61,681
2025-08-14 10:14:58,767,730,37,681
2025-08-14 10:15:13,782,671,111,682
2025-08-14 10:15:29,789,697,93,682
2025-08-14 10:15:44,804,675,129,682
2025-08-14 10:15:59,785,674,111,688
2025-08-14 10:16:14,784,673,112,691
2025-08-14 10:16:29,775,689,86,691
2025-08-14 10:16:44,775,688,86,698
2025-08-14 10:16:59,768,667,101,698
2025-08-14 10:17:14,773,686,87,698
2025-08-14 10:17:29,772,695,78,698
2025-08-14 10:17:45,790,742,47,698
2025-08-14 10:18:00,792,696,97,722
2025-08-14 10:18:15,772,673,99,722
2025-08-14 10:18:30,754,641,113,740
2025-08-14 10:18:45,768,634,134,748
2025-08-14 10:19:00,759,626,133,748
2025-08-14 10:19:15,803,652,150,750
2025-08-14 10:19:30,775,661,114,750
2025-08-14 10:19:45,806,666,140,757
2025-08-14 10:20:00,792,668,125,757
2025-08-14 10:20:16,792,639,153,763
2025-08-14 10:20:31,800,737,63,763
2025-08-14 10:20:46,786,670,116,765
2025-08-14 10:21:01,785,700,85,765
2025-08-14 10:21:16,784,655,129,765
2025-08-14 10:21:31,771,673,98,771
2025-08-14 10:21:46,807,689,118,773
2025-08-14 10:22:01,828,704,124,773
2025-08-14 10:22:16,842,686,156,781
2025-08-14 10:22:31,862,733,130,781
2025-08-14 10:22:46,863,748,115,781
2025-08-14 10:23:01,881,758,122,781
2025-08-14 10:23:17,873,695,179,787
2025-08-14 10:23:32,894,724,170,787
2025-08-14 10:23:47,900,703,198,787
2025-08-14 10:24:02,927,704,222,796
2025-08-14 10:24:17,938,706,232,802
2025-08-14 10:24:32,942,719,223,802
2025-08-14 10:24:47,941,702,239,802
2025-08-14 10:25:02,975,742,233,804
2025-08-14 10:25:17,955,704,251,805
2025-08-14 10:25:32,982,752,229,805
2025-08-14 10:25:47,948,722,226,815
2025-08-14 10:26:03,993,726,268,815
2025-08-14 10:26:18,962,689,273,821
2025-08-14 10:26:33,979,707,272,821
2025-08-14 10:26:48,989,711,277,834
2025-08-14 10:27:03,1008,707,300,834
2025-08-14 10:27:18,1035,700,335,840
2025-08-14 10:27:33,1060,720,340,840
2025-08-14 10:27:49,1053,722,330,859
2025-08-14 10:28:04,1101,736,365,859
2025-08-14 10:28:19,1099,752,347,859
2025-08-14 10:28:34,1123,718,405,859
2025-08-14 10:28:49,1140,724,416,901
2025-08-14 10:29:04,1174,754,419,901
2025-08-14 10:29:19,1195,753,442,939
2025-08-14 10:29:34,1208,643,566,939
2025-08-14 10:29:50,1213,649,565,953
2025-08-14 10:30:08,1253,691,562,953
2025-08-14 10:30:23,1283,676,606,963
2025-08-14 10:30:38,1286,656,631,963
2025-08-14 10:30:53,1321,644,677,977
2025-08-14 10:31:09,1335,656,679,977
2025-08-14 10:31:24,1370,655,715,1001
2025-08-14 10:31:39,1400,663,737,1001
2025-08-14 10:31:54,1420,644,776,1017
2025-08-14 10:32:09,1435,682,753,1017
2025-08-14 10:32:24,1441,636,806,1060
2025-08-14 10:32:39,1474,648,826,1060
2025-08-14 10:32:54,1493,649,844,1074
2025-08-14 10:33:09,1519,696,824,1074
2025-08-14 10:33:24,1541,648,894,1101
2025-08-14 10:33:39,1554,663,890,1101
2025-08-14 10:33:54,1561,658,903,1101
2025-08-14 10:34:09,1583,638,945,1101
2025-08-14 10:34:25,1580,673,906,1201
2025-08-14 10:34:40,1608,650,957,1201
2025-08-14 10:34:55,1612,633,979,1278
2025-08-14 10:35:10,1640,666,973,1278
2025-08-14 10:35:25,1639,647,991,1298
2025-08-14 10:35:40,1675,646,1029,1298
2025-08-14 10:35:55,1685,647,1038,1313
2025-08-14 10:36:10,1675,647,1028,1313
2025-08-14 10:36:25,1583,696,887,1334
2025-08-14 10:36:40,1496,698,798,1334
2025-08-14 10:36:56,1494,726,768,1359
2025-08-14 10:37:14,1477,728,748,1359
2025-08-14 10:37:30,1502,692,810,1383
2025-08-14 10:37:45,1480,670,810,1383
2025-08-14 10:38:00,1468,660,808,1441
2025-08-14 10:38:15,1443,684,760,1441
2025-08-14 10:38:30,1447,658,789,1454
2025-08-14 10:38:45,1427,684,743,1454
2025-08-14 10:39:00,1401,679,722,1480
2025-08-14 10:39:15,1394,734,660,1480
2025-08-14 10:39:30,1384,719,665,1480
2025-08-14 10:39:45,1380,732,648,1480
2025-08-14 10:40:00,1372,695,677,1522
2025-08-14 10:40:15,1361,670,691,1522
2025-08-14 10:40:31,1348,679,669,1533
2025-08-14 10:40:46,1355,735,620,1533
2025-08-14 10:41:01,1346,744,602,1533
2025-08-14 10:41:16,1296,668,628,1533
2025-08-14 10:41:31,1314,703,611,1533
2025-08-14 10:41:46,1310,677,633,1533
2025-08-14 10:42:01,1299,626,673,1529
2025-08-14 10:42:16,1304,562,741,1529
2025-08-14 10:42:31,1289,591,699,1518
2025-08-14 10:42:46,1290,580,710,1518
2025-08-14 10:43:01,1284,601,683,1502
2025-08-14 10:43:17,1275,590,685,1502
2025-08-14 10:43:32,1287,614,674,1480
2025-08-14 10:43:47,1283,611,672,1480
2025-08-14 10:44:02,1299,615,684,1470
2025-08-14 10:44:17,1292,638,654,1449
2025-08-14 10:44:32,1295,633,662,1449
2025-08-14 10:44:47,1281,608,673,1449
2025-08-14 10:45:02,1272,624,648,1449
2025-08-14 10:45:17,1273,626,648,1449
2025-08-14 10:45:32,1269,612,657,1385
2025-08-14 10:45:48,1280,618,663,1385
2025-08-14 10:46:03,1280,631,649,1346
2025-08-14 10:46:18,1287,630,657,1333
2025-08-14 10:46:33,1282,597,686,1333
2025-08-14 10:46:48,1291,602,690,1333
2025-08-14 10:47:03,1284,609,676,1330
2025-08-14 10:47:18,1285,555,730,1325
2025-08-14 10:47:33,1279,597,682,1325
2025-08-14 10:47:48,1265,555,710,1318
2025-08-14 10:48:03,1274,555,719,1318
2025-08-14 10:48:19,1278,557,721,1318
2025-08-14 10:48:34,1286,570,715,1318
2025-08-14 10:48:49,1282,589,693,1318
2025-08-14 10:49:04,1301,599,703,1302
2025-08-14 10:49:19,1299,579,721,1299
2025-08-14 10:49:34,1290,555,734,1299
2025-08-14 10:49:49,1294,601,692,1295
2025-08-14 10:50:04,1290,576,714,1295
2025-08-14 10:50:19,1286,577,709,1295
2025-08-14 10:50:34,1281,550,731,1295
2025-08-14 10:50:50,1284,597,688,1295
2025-08-14 10:51:05,1278,574,703,1290
2025-08-14 10:51:20,1270,593,677,1290
2025-08-14 10:51:35,1255,585,670,1286
2025-08-14 10:51:50,1260,570,690,1285
2025-08-14 10:52:05,1248,532,716,1285
2025-08-14 10:52:20,1259,539,719,1286
2025-08-14 10:52:35,1241,553,687,1286
2025-08-14 10:52:50,1279,574,705,1286
2025-08-14 10:53:05,1225,561,663,1286
2025-08-14 10:53:20,1253,547,706,1286
2025-08-14 10:53:35,1234,545,689,1286
2025-08-14 10:53:51,1233,540,693,1284
2025-08-14 10:54:06,1221,531,690,1284
2025-08-14 10:54:21,1246,542,704,1284
2025-08-14 10:54:36,1240,564,676,1284
2025-08-14 10:54:51,1248,592,655,1282
2025-08-14 10:55:06,1246,563,683,1282
2025-08-14 10:55:21,1251,594,657,1280
2025-08-14 10:55:36,1228,578,650,1280
2025-08-14 10:55:51,1223,564,659,1280
2025-08-14 10:56:06,1221,581,639,1280
2025-08-14 10:56:21,1223,542,681,1268
2025-08-14 10:56:36,1225,564,661,1268
2025-08-14 10:56:52,1220,548,672,1268
2025-08-14 10:57:07,1212,553,658,1261
2025-08-14 10:57:22,1237,559,678,1258
2025-08-14 10:57:37,1220,596,624,1258
2025-08-14 10:57:52,1220,561,659,1257
2025-08-14 10:58:07,1203,549,654,1257
2025-08-14 10:58:22,1203,538,665,1251
2025-08-14 10:58:37,1186,544,642,1251
2025-08-14 10:58:52,1187,551,637,1244
2025-08-14 10:59:07,1176,557,619,1244
2025-08-14 10:59:22,1175,584,590,1240
2025-08-14 10:59:38,1194,611,584,1240
2025-08-14 10:59:53,1152,568,584,1242
2025-08-14 11:00:08,1137,563,574,1242
2025-08-14 11:00:23,1142,602,540,1238
2025-08-14 11:00:38,1139,558,581,1238
2025-08-14 11:00:53,1129,534,595,1233
2025-08-14 11:01:08,1127,540,587,1233
2025-08-14 11:01:23,1130,575,555,1233
2025-08-14 11:01:38,1123,571,552,1233
2025-08-14 11:01:53,1118,601,518,1222
2025-08-14 11:02:08,1123,588,536,1222
2025-08-14 11:02:27,1110,587,522,1206
2025-08-14 11:02:42,1117,594,524,1206
2025-08-14 11:02:57,1116,570,546,1202
2025-08-14 11:03:12,1103,560,543,1202
2025-08-14 11:03:27,1100,526,574,1197
2025-08-14 11:03:42,1098,541,557,1197
2025-08-14 11:03:57,1084,523,561,1184
2025-08-14 11:04:12,1091,507,584,1184
2025-08-14 11:04:27,1086,512,574,1172
2025-08-14 11:04:43,1101,531,570,1172
2025-08-14 11:04:58,1090,551,539,1166
2025-08-14 11:05:13,1119,597,522,1166
2025-08-14 11:05:28,1103,535,567,1165
2025-08-14 11:05:43,1143,539,604,1165
2025-08-14 11:05:58,1132,544,587,1159
2025-08-14 11:06:13,1155,544,611,1159
2025-08-14 11:06:28,1128,534,594,1148
2025-08-14 11:06:43,1179,555,624,1148
2025-08-14 11:06:59,1215,577,638,1148
2025-08-14 11:07:14,1145,531,614,1148
2025-08-14 11:07:29,1148,522,626,1142
2025-08-14 11:07:44,1140,539,601,1142
2025-08-14 11:07:59,1132,542,590,1125
2025-08-14 11:08:14,1134,549,585,1125
2025-08-14 11:08:29,1116,547,568,1122
2025-08-14 11:08:44,1131,542,589,1122
2025-08-14 11:08:59,1140,526,615,1121
2025-08-14 11:09:14,1147,593,554,1121
2025-08-14 11:09:30,1160,580,580,1117
2025-08-14 11:09:45,1191,3049,-1858,1117
2025-08-14 11:10:00,1202,3291,-2090,1113
2025-08-14 11:10:15,1281,3551,-2270,1113
2025-08-14 11:10:30,1215,3577,-2362,1113
2025-08-14 11:10:45,1255,3551,-2296,1113
2025-08-14 11:11:00,1192,3551,-2358,1141
2025-08-14 11:11:15,1288,3639,-2352,1141
2025-08-14 11:11:30,1209,3606,-2397,1143
2025-08-14 11:11:45,1287,3627,-2340,1143
2025-08-14 11:12:00,1167,3667,-2499,1144
2025-08-14 11:12:16,1154,3659,-2505,1144
2025-08-14 11:12:31,1155,3654,-2499,1144
2025-08-14 11:12:46,1175,3688,-2513,1144
2025-08-14 11:13:01,1162,3694,-2532,1164
2025-08-14 11:13:16,1179,3638,-2459,1164
2025-08-14 11:13:31,1244,3678,-2434,1169
2025-08-14 11:13:46,1345,3660,-2315,1169
2025-08-14 11:14:01,1247,3658,-2411,1171
2025-08-14 11:14:16,1273,3632,-2359,1171
2025-08-14 11:14:31,1239,3612,-2373,1172
2025-08-14 11:14:46,1254,3617,-2363,1172
2025-08-14 11:15:01,1251,3613,-2362,1176
2025-08-14 11:15:17,1269,3685,-2416,1176
2025-08-14 11:15:32,1310,3660,-2350,1181
2025-08-14 11:15:47,1297,3622,-2325,1181
2025-08-14 11:16:02,1442,3616,-2174,1185
2025-08-14 11:16:17,1572,3630,-2058,1185
2025-08-14 11:16:32,1452,3673,-2222,1221
2025-08-14 11:16:47,1434,3673,-2239,1221
2025-08-14 11:17:02,1355,3635,-2280,1225
2025-08-14 11:17:17,1337,3660,-2323,1225
2025-08-14 11:17:32,1364,3679,-2315,1232
2025-08-14 11:17:48,1346,3667,-2320,1232
2025-08-14 11:18:03,1295,3697,-2402,1232
2025-08-14 11:18:18,1421,3619,-2199,1232
2025-08-14 11:18:33,1245,3668,-2423,1266
2025-08-14 11:18:48,1229,3628,-2399,1266
2025-08-14 11:19:03,1260,3628,-2368,1288
2025-08-14 11:19:18,1290,3683,-2393,1288
2025-08-14 11:19:33,1273,3664,-2391,1292
2025-08-14 11:19:48,1235,3686,-2451,1292
2025-08-14 11:20:03,1241,3717,-2476,1295
2025-08-14 11:20:18,1281,3626,-2344,1295
2025-08-14 11:20:33,1238,3665,-2426,1298
2025-08-14 11:20:49,1337,3609,-2272,1298
2025-08-14 11:21:04,1457,3636,-2180,1301
2025-08-14 11:21:19,1663,3612,-1949,1301
2025-08-14 11:21:34,1239,3617,-2378,1303
2025-08-14 11:21:49,1134,3654,-2520,1303
2025-08-14 11:22:04,1289,3644,-2355,1342
2025-08-14 11:22:19,1207,3641,-2433,1342
2025-08-14 11:22:34,1190,3639,-2450,1343
2025-08-14 11:22:49,1135,3654,-2519,1343
2025-08-14 11:23:05,1397,3710,-2313,1339
2025-08-14 11:23:57,1302,3704,-2401,1339
2025-08-14 11:24:12,1346,3728,-2382,1346
2025-08-14 11:24:27,1138,3699,-2560,1346
2025-08-14 11:24:42,1090,3719,-2629,1328
2025-08-14 11:24:58,1102,3723,-2622,1319
2025-08-14 11:25:13,1159,3719,-2560,1319
2025-08-14 11:25:28,1185,3757,-2572,1310
2025-08-14 11:25:43,1215,3704,-2489,1310
2025-08-14 11:25:58,1168,3751,-2582,1303
2025-08-14 11:26:13,1132,3728,-2596,1303
2025-08-14 11:26:28,1142,3746,-2603,1289
2025-08-14 11:26:43,1213,3718,-2504,1289
2025-08-14 11:26:58,1260,3704,-2444,1279
2025-08-14 11:27:14,1285,3688,-2402,1279
2025-08-14 11:27:29,1262,3716,-2454,1318
2025-08-14 11:27:44,1295,3673,-2378,1318
2025-08-14 11:28:01,1306,3679,-2373,1311
2025-08-14 11:28:16,1274,3679,-2405,1311
2025-08-14 11:28:31,1299,3730,-2431,1289
2025-08-14 11:28:47,1273,3674,-2401,1289
2025-08-14 11:29:02,1317,3667,-2351,1289
2025-08-14 11:29:17,1347,3653,-2306,1289
2025-08-14 11:29:32,1326,3664,-2338,1272
2025-08-14 11:29:47,1296,3684,-2388,1272
2025-08-14 11:30:02,1284,3673,-2389,1235
2025-08-14 11:30:17,1363,3697,-2335,1235
2025-08-14 11:30:32,1335,3657,-2322,1225
2025-08-14 11:30:47,1353,3729,-2376,1225
2025-08-14 11:31:02,1316,3732,-2416,1220
2025-08-14 11:31:17,1351,3673,-2322,1220
2025-08-14 11:31:33,1331,3701,-2370,1217
2025-08-14 11:31:48,1356,3706,-2350,1217
2025-08-14 11:32:03,1275,3678,-2403,1212
2025-08-14 11:32:18,1284,3668,-2384,1212
2025-08-14 11:32:33,1257,3689,-2432,1207
2025-08-14 11:32:48,1271,3715,-2444,1207
2025-08-14 11:33:03,1370,3837,-2467,1294
2025-08-14 11:33:18,1371,3838,-2467,1294
2025-08-14 11:33:33,1379,3835,-2456,1293
2025-08-14 11:33:48,1404,3815,-2411,1293
2025-08-14 11:34:03,1385,3867,-2482,1292
2025-08-14 11:34:18,1324,3826,-2502,1292
2025-08-14 11:34:34,1335,3818,-2483,1292
2025-08-14 11:34:49,1322,3749,-2426,1292
2025-08-14 11:35:04,1466,3811,-2344,1314
2025-08-14 11:35:19,1479,3823,-2344,1314
2025-08-14 11:35:34,1584,3804,-2219,1315
2025-08-14 11:35:49,1491,3791,-2300,1315
2025-08-14 11:36:04,1545,3732,-2186,1316
2025-08-14 11:36:19,1614,3747,-2133,1316
2025-08-14 11:36:34,1600,3749,-2149,1317
2025-08-14 11:36:49,1500,3799,-2299,1317
2025-08-14 11:37:04,1496,3762,-2265,1320
2025-08-14 11:37:19,1503,3744,-2241,1320
2025-08-14 11:37:35,1567,3794,-2227,1323
2025-08-14 11:37:50,1553,3717,-2164,1323
2025-08-14 11:38:14,1583,3780,-2198,1325
2025-08-14 11:38:29,1558,3779,-2221,1429
2025-08-14 11:38:44,1542,3744,-2203,1429
2025-08-14 11:39:00,1623,3765,-2142,1430
2025-08-14 11:39:15,1670,3765,-2095,1430
2025-08-14 11:39:30,1562,3773,-2211,1440
2025-08-14 11:39:45,1606,1173,433,1440
2025-08-14 11:40:00,1642,1161,481,1440
2025-08-14 11:40:15,1722,1150,571,1440
2025-08-14 11:40:30,1829,1158,671,1440
2025-08-14 11:40:45,1838,1153,686,1494
2025-08-14 11:41:00,1782,675,1107,1494
2025-08-14 11:41:15,1951,647,1304,1521
2025-08-14 11:41:30,1627,651,976,1529
2025-08-14 11:41:45,1251,654,598,1529
2025-08-14 11:42:01,1166,647,520,1534
2025-08-14 11:42:16,1950,630,1320,1534
2025-08-14 11:42:31,2073,608,1466,1544
2025-08-14 11:42:46,2117,607,1509,1544
2025-08-14 11:43:01,2029,621,1407,1559
2025-08-14 11:43:16,2115,624,1492,1559
2025-08-14 11:43:31,2135,617,1518,1570
2025-08-14 11:43:49,2042,601,1440,1570
2025-08-14 11:44:41,972,687,285,1629
2025-08-14 11:44:56,962,675,287,1629
2025-08-14 11:45:11,917,647,270,1662
2025-08-14 11:45:26,899,653,246,1662
2025-08-14 11:45:41,906,690,216,1662
2025-08-14 11:45:56,844,697,147,1662
2025-08-14 11:46:12,856,740,116,1661
2025-08-14 11:46:30,855,706,150,1661
2025-08-14 11:46:45,855,679,176,1685
2025-08-14 11:47:00,837,649,188,1685
2025-08-14 11:47:15,917,678,239,1685
2025-08-14 11:47:31,1540,693,847,1692
2025-08-14 11:48:23,1927,660,1267,1689
2025-08-14 11:48:38,1887,641,1245,1685
2025-08-14 11:48:53,1854,651,1203,1685
2025-08-14 11:49:08,1894,640,1253,1680
2025-08-14 11:49:23,1861,614,1247,1680
2025-08-14 11:49:38,1855,608,1247,1521
2025-08-14 11:49:54,1896,648,1247,1521
2025-08-14 11:50:09,1907,633,1274,1450
2025-08-14 11:50:24,1965,615,1350,1450
2025-08-14 11:50:39,1954,661,1294,1457
2025-08-14 11:50:54,1886,654,1232,1457
2025-08-14 11:51:09,1936,644,1292,1457
2025-08-14 11:51:24,1941,630,1311,1457
2025-08-14 11:51:39,1946,628,1317,1441
2025-08-14 11:51:54,1927,634,1294,1441
2025-08-14 11:52:09,1597,679,918,1430
2025-08-14 11:52:24,1535,612,923,1430
2025-08-14 11:52:39,1609,640,970,1432
2025-08-14 11:52:55,1727,634,1093,1432
2025-08-14 11:53:10,1128,677,452,1436
2025-08-14 11:54:02,1522,671,851,1441
2025-08-14 11:54:17,1356,641,716,1441
2025-08-14 11:54:33,2087,603,1484,1442
2025-08-14 11:54:48,2086,609,1477,1442
2025-08-14 11:55:03,1900,660,1241,1442
2025-08-14 11:55:18,1857,637,1220,1668
2025-08-14 11:55:33,1825,626,1199,1672
2025-08-14 11:55:48,1807,603,1204,1672
2025-08-14 11:56:03,1850,612,1238,1702
2025-08-14 11:56:18,1874,616,1258,1702
2025-08-14 11:56:33,1985,616,1370,1702
2025-08-14 11:56:48,2107,608,1499,1702
2025-08-14 11:57:03,2213,567,1647,1694
2025-08-14 11:57:18,2021,566,1455,1694
2025-08-14 11:57:34,1106,646,459,1694
2025-08-14 11:57:49,1096,614,482,1705
2025-08-14 11:58:04,2238,594,1643,1705
2025-08-14 11:58:19,2177,619,1558,1705
2025-08-14 11:58:34,2217,619,1599,1705
2025-08-14 11:58:49,2152,597,1555,1705
2025-08-14 11:59:04,2147,575,1572,1709
2025-08-14 11:59:23,1191,602,589,1709
2025-08-14 11:59:38,1025,644,382,1719
2025-08-14 11:59:53,1005,638,367,1719
2025-08-14 12:00:08,1033,684,349,1725
2025-08-14 12:00:23,1418,637,782,1725
2025-08-14 12:00:38,1545,601,944,1709
2025-08-14 12:00:54,1173,672,501,1709
2025-08-14 12:01:09,1581,688,893,1713
2025-08-14 12:01:24,1321,632,690,1713
2025-08-14 12:01:39,1006,672,334,1702
2025-08-14 12:01:54,1169,638,531,1702
2025-08-14 12:02:09,1028,657,372,1702
2025-08-14 12:02:24,1852,653,1199,1702
2025-08-14 12:02:39,1667,683,984,1673
2025-08-14 12:02:54,2106,587,1520,1673
2025-08-14 12:03:09,2341,630,1712,1681
2025-08-14 12:03:32,2275,648,1628,1681
2025-08-14 12:03:47,2248,624,1624,1682
2025-08-14 12:04:04,2422,611,1812,1682
2025-08-14 12:04:20,2372,575,1797,1682
2025-08-14 12:04:35,2406,602,1804,1675
2025-08-14 12:04:50,2411,645,1766,1675
2025-08-14 12:05:05,2426,625,1802,1668
2025-08-14 12:05:20,2430,607,1823,1668
2025-08-14 12:05:35,2443,584,1859,1666
2025-08-14 12:05:50,2466,614,1851,1666
2025-08-14 12:06:05,2484,625,1858,1734
2025-08-14 12:06:20,2507,617,1891,1734
2025-08-14 12:06:35,2529,640,1889,1737
2025-08-14 12:06:50,2556,606,1949,1737
2025-08-14 12:07:06,2589,653,1936,1815
2025-08-14 12:07:21,2600,617,1982,1815
2025-08-14 12:07:36,2672,623,2049,1815
2025-08-14 12:07:51,2688,604,2084,1815
2025-08-14 12:08:06,2749,638,2110,1815
2025-08-14 12:08:21,2411,635,1776,1983
2025-08-14 12:08:36,2063,643,1420,2097
2025-08-14 12:08:51,1751,556,1195,2097
2025-08-14 12:09:06,2609,555,2054,2109
2025-08-14 12:09:21,2263,585,1678,2109
2025-08-14 12:09:37,2301,547,1753,2133
2025-08-14 12:09:52,2734,533,2201,2133
2025-08-14 12:10:07,1725,572,1153,2151
2025-08-14 12:10:22,2711,559,2152,2151
2025-08-14 12:10:37,2224,537,1687,2188
2025-08-14 12:10:52,2456,509,1947,2188
2025-08-14 12:11:07,1442,589,853,2210
2025-08-14 12:11:22,1276,561,715,2210
2025-08-14 12:11:37,1271,608,663,2267
2025-08-14 12:11:52,1573,642,932,2267
2025-08-14 12:12:07,1824,640,1184,2275
2025-08-14 12:12:23,1338,604,734,2275
2025-08-14 12:12:38,1162,591,571,2258
2025-08-14 12:12:53,1194,568,626,2258
2025-08-14 12:13:08,1499,593,906,2258
2025-08-14 12:13:23,1619,592,1027,2258
2025-08-14 12:13:38,1771,576,1195,2258
2025-08-14 12:13:53,2050,605,1445,2193
2025-08-14 12:14:08,1966,608,1358,2148
2025-08-14 12:14:23,2643,546,2097,2148
2025-08-14 12:14:38,2849,540,2309,2151
2025-08-14 12:14:53,2811,585,2226,2151
2025-08-14 12:15:08,1445,612,833,2149
2025-08-14 12:15:24,1230,622,608,2149
2025-08-14 12:15:39,1182,634,547,2148
2025-08-14 12:15:54,1163,616,547,2148
2025-08-14 12:16:09,1169,629,539,2135
2025-08-14 12:16:24,1142,613,528,2135
2025-08-14 12:16:39,1182,650,531,2126
2025-08-14 12:16:54,1187,613,574,2126
2025-08-14 12:17:09,1245,593,653,1791
2025-08-14 12:17:24,1396,579,818,1791
2025-08-14 12:17:39,2311,522,1789,1787
2025-08-14 12:17:55,1386,561,825,1787
2025-08-14 12:18:10,1251,618,634,1733
2025-08-14 12:18:25,1225,576,649,1733
2025-08-14 12:18:40,1221,586,634,1733
2025-08-14 12:18:55,1295,623,672,1733
2025-08-14 12:19:10,2215,604,1611,1690
2025-08-14 12:19:26,3019,590,2429,1690
2025-08-14 12:19:41,2945,543,2402,1669
2025-08-14 12:19:56,2942,580,2362,1669
2025-08-14 12:20:11,2975,537,2437,1662
2025-08-14 12:20:26,3044,537,2507,1662
2025-08-14 12:20:41,3030,553,2478,1654
2025-08-14 12:20:56,3016,552,2463,1654
2025-08-14 12:21:12,3074,560,2515,1653
2025-08-14 12:21:27,2112,574,1538,1653
2025-08-14 12:21:42,2951,543,2407,1645
2025-08-14 12:21:57,2918,549,2369,1645
2025-08-14 12:22:12,3018,544,2474,1653
2025-08-14 12:22:27,3034,560,2474,1653
2025-08-14 12:22:42,3017,575,2442,1904
2025-08-14 12:22:57,2851,577,2274,1904
2025-08-14 12:23:12,2828,559,2269,1918
2025-08-14 12:23:27,3041,507,2534,1918
2025-08-14 12:23:43,2937,557,2380,2003
2025-08-14 12:23:58,2900,552,2348,2003
2025-08-14 12:24:13,2994,593,2401,2003
2025-08-14 12:24:28,2973,600,2373,2003
2025-08-14 12:24:43,2966,574,2391,2508
2025-08-14 12:24:58,3065,555,2510,2508
2025-08-14 12:25:13,2959,534,2425,2633
2025-08-14 12:25:28,2983,530,2453,2633
2025-08-14 12:25:43,2975,529,2447,2650
2025-08-14 12:25:59,3026,545,2481,2650
2025-08-14 12:26:14,3008,524,2484,2680
2025-08-14 12:26:29,3067,536,2531,2680
2025-08-14 12:26:44,3099,585,2514,2693
2025-08-14 12:26:59,2998,566,2432,2693
2025-08-14 12:27:14,3036,539,2497,2705
2025-08-14 12:27:29,2901,552,2349,2705
2025-08-14 12:27:44,2918,534,2384,2714
2025-08-14 12:27:59,2887,539,2348,2714
2025-08-14 12:28:14,3002,510,2492,2913
2025-08-14 12:28:30,2917,504,2413,2913
2025-08-14 12:28:45,2914,550,2363,2921
2025-08-14 12:29:00,2867,510,2357,2921
2025-08-14 12:29:15,1274,619,655,2947
2025-08-14 12:29:30,1088,630,458,2947
2025-08-14 12:29:45,1057,512,545,2947
2025-08-14 12:30:00,1010,577,434,2947
2025-08-14 12:30:15,1003,560,443,2853
2025-08-14 12:30:30,1008,532,476,2853
2025-08-14 12:30:45,1062,550,512,2792
2025-08-14 12:31:01,1415,569,845,2792
2025-08-14 12:31:16,1767,566,1201,2784
2025-08-14 12:31:31,1500,595,904,2784
2025-08-14 12:31:46,2824,540,2284,2772
2025-08-14 12:32:01,2959,523,2436,2772
2025-08-14 12:32:16,2981,555,2426,2759
2025-08-14 12:32:31,3134,567,2567,2759
2025-08-14 12:32:46,3310,511,2799,2743
2025-08-14 12:33:01,3365,527,2838,2743
2025-08-14 12:33:16,3346,530,2816,2728
2025-08-14 12:33:31,3426,525,2901,2728
2025-08-14 12:33:46,3564,517,3047,2453
2025-08-14 12:34:02,3339,508,2831,2453
2025-08-14 12:34:17,3650,548,3102,2451
2025-08-14 12:34:32,2226,563,1664,2451
2025-08-14 12:34:47,1620,576,1045,2379
2025-08-14 12:35:02,3341,525,2816,2379
2025-08-14 12:35:17,2548,573,1975,2379
2025-08-14 12:35:32,2376,561,1815,2379
2025-08-14 12:35:47,1677,590,1087,2344
2025-08-14 12:36:02,1479,586,892,2344
2025-08-14 12:36:17,1467,596,871,2386
2025-08-14 12:36:32,1488,597,891,2386
2025-08-14 12:36:48,1635,639,996,2411
2025-08-14 12:37:03,3434,524,2909,2411
2025-08-14 12:37:18,3557,524,3033,2430
2025-08-14 12:37:33,3441,505,2937,2430
2025-08-14 12:37:48,2320,534,1786,2443
2025-08-14 12:38:03,1318,593,725,2443
2025-08-14 12:38:18,1120,604,516,2462
2025-08-14 12:38:33,1079,584,495,2462
2025-08-14 12:38:48,1099,629,470,2469
2025-08-14 12:39:03,1115,621,494,2469
2025-08-14 12:39:23,1144,601,544,2451
2025-08-14 12:39:38,1208,590,617,2442
2025-08-14 12:39:53,3519,546,2973,2442
2025-08-14 12:40:09,3554,493,3061,2442
2025-08-14 12:40:24,2673,536,2137,2424
2025-08-14 12:40:39,1366,589,777,2424
2025-08-14 12:40:54,1451,614,837,2424
2025-08-14 12:41:09,1986,590,1397,2424
2025-08-14 12:41:24,1566,604,962,2233
2025-08-14 12:41:39,2845,543,2302,2233
2025-08-14 12:41:54,3386,500,2886,2170
2025-08-14 12:42:09,3332,513,2818,2165
2025-08-14 12:42:24,3400,503,2897,2165
2025-08-14 12:42:40,3432,495,2938,2165
2025-08-14 12:42:55,3437,513,2924,2146
2025-08-14 12:43:10,1226,579,647,2146
2025-08-14 12:43:34,2691,566,2125,2130
2025-08-14 12:43:49,3466,483,2983,2110
2025-08-14 12:44:05,3614,449,3165,2110
2025-08-14 12:44:20,3716,463,3253,2097
2025-08-14 12:44:35,3657,466,3191,2097
2025-08-14 12:44:53,3521,460,3061,2208
2025-08-14 12:45:08,3713,471,3242,2208
2025-08-14 12:45:23,3770,511,3258,2204
2025-08-14 12:45:38,3659,455,3205,2204
2025-08-14 12:45:53,3641,516,3125,2292
2025-08-14 12:46:09,3637,483,3154,2292
2025-08-14 12:46:24,3606,497,3108,2292
2025-08-14 12:46:39,3641,448,3193,2292
2025-08-14 12:46:54,3666,462,3203,2726
2025-08-14 12:47:09,3653,477,3177,2726
2025-08-14 12:47:24,3124,531,2593,2906
2025-08-14 12:47:39,2965,506,2460,2906
2025-08-14 12:47:54,3660,480,3180,2978
2025-08-14 12:48:09,3663,596,3067,2978
2025-08-14 12:48:24,3126,604,2522,3009
2025-08-14 12:48:39,1718,659,1059,3009
2025-08-14 12:48:54,2081,683,1398,3017
2025-08-14 12:49:10,1462,714,748,3017
2025-08-14 12:49:25,1091,689,402,3035
2025-08-14 12:49:40,1097,687,411,3046
2025-08-14 12:49:55,1345,728,617,3046
2025-08-14 12:50:10,1440,701,739,3046
2025-08-14 12:50:25,1382,776,606,3118
2025-08-14 12:50:40,2908,642,2266,3118
2025-08-14 12:50:55,2823,612,2211,3112
2025-08-14 12:51:10,2976,627,2349,3102
2025-08-14 12:51:25,3133,616,2516,3102
2025-08-14 12:51:40,3271,571,2700,3102
2025-08-14 12:51:55,3557,573,2984,3102
2025-08-14 12:52:11,3686,577,3110,3102
2025-08-14 12:52:26,3665,564,3101,2867
2025-08-14 12:52:41,3510,555,2954,2867
2025-08-14 12:52:56,3767,562,3205,2799
2025-08-14 12:53:11,3613,609,3004,2763
2025-08-14 12:53:26,1178,3438,-2260,2763
2025-08-14 12:53:41,1288,3572,-2283,2763
2025-08-14 12:53:56,1583,3786,-2203,2768
2025-08-14 12:54:11,1133,3754,-2621,2755
2025-08-14 12:54:26,1174,3783,-2609,2755
2025-08-14 12:54:41,1050,3814,-2764,2755
2025-08-14 12:54:57,945,3765,-2820,2735
2025-08-14 12:55:12,895,3874,-2979,2726
2025-08-14 12:55:27,881,3835,-2954,2726
2025-08-14 12:55:42,935,3835,-2900,2726
2025-08-14 12:55:57,992,3865,-2873,2534
2025-08-14 12:56:12,1241,3853,-2612,2526
2025-08-14 12:56:27,3042,3789,-747,2526
2025-08-14 12:56:42,3449,3753,-303,2526
2025-08-14 12:56:57,3521,3760,-239,2472
2025-08-14 12:57:12,3439,3740,-300,2472
2025-08-14 12:57:28,3680,3773,-93,2472
2025-08-14 12:57:43,3632,3760,-128,2472
2025-08-14 12:57:58,3596,3716,-121,2315
2025-08-14 12:58:13,3517,3757,-240,2315
2025-08-14 12:58:28,3570,3736,-166,2282
2025-08-14 12:58:43,3654,3715,-62,2249
2025-08-14 12:58:58,3758,3719,39,2249
2025-08-14 12:59:13,3746,3702,43,2249
2025-08-14 12:59:29,3813,3713,100,2256
2025-08-14 12:59:44,3782,3706,76,2252
2025-08-14 12:59:59,3753,3702,51,2252
2025-08-14 13:00:14,3739,3727,12,2252
2025-08-14 13:00:29,3771,3720,51,2248
2025-08-14 13:00:44,3840,3705,135,2242
2025-08-14 13:01:00,3784,3731,53,2242
2025-08-14 13:01:15,3817,3777,41,2242
2025-08-14 13:01:30,3833,3744,89,2521
2025-08-14 13:01:45,3839,3777,62,2519
2025-08-14 13:02:00,3809,3827,-18,2519
2025-08-14 13:02:15,3763,3780,-17,2651
2025-08-14 13:02:30,3778,3671,107,2651
2025-08-14 13:02:45,3814,3778,36,2651
2025-08-14 13:03:00,3820,3759,61,2651
2025-08-14 13:03:15,3782,3776,7,2651
2025-08-14 13:03:30,3768,3770,-2,3152
2025-08-14 13:03:46,2966,3736,-770,3456
2025-08-14 13:04:01,2547,3770,-1224,3456
2025-08-14 13:04:16,3806,3760,45,3524
2025-08-14 13:04:31,3775,3808,-33,3524
2025-08-14 13:04:46,3803,3819,-16,3637
2025-08-14 13:05:01,3505,3795,-291,3637
2025-08-14 13:05:16,3281,3835,-554,3645
2025-08-14 13:05:31,3233,3793,-559,3645
2025-08-14 13:05:46,3585,3754,-169,3654
2025-08-14 13:06:01,3559,3736,-177,3654
2025-08-14 13:06:17,3633,3743,-110,3655
2025-08-14 13:06:32,3735,3798,-64,3655
2025-08-14 13:06:47,3766,3787,-22,3687
2025-08-14 13:07:02,3799,3771,28,3687
2025-08-14 13:07:17,3916,3735,181,3686
2025-08-14 13:07:32,3958,3727,231,3686
2025-08-14 13:07:47,3900,3748,152,3669
2025-08-14 13:08:02,3881,3793,88,3669
2025-08-14 13:08:17,3472,3764,-292,3669
2025-08-14 13:08:32,3636,3767,-130,3669
2025-08-14 13:08:47,3486,3797,-311,3610
2025-08-14 13:09:03,3800,3762,38,3610
2025-08-14 13:09:18,3714,3758,-44,3610
2025-08-14 13:09:33,3769,3791,-23,3595
2025-08-14 13:09:48,3764,3730,34,3576
2025-08-14 13:10:06,3828,3803,25,3576
2025-08-14 13:10:21,3842,3800,41,3576
2025-08-14 13:10:36,3827,3725,102,3576
2025-08-14 13:10:51,3840,3748,92,3606
2025-08-14 13:11:06,3840,3789,52,3606
2025-08-14 13:11:22,3841,3851,-10,3610
2025-08-14 13:11:37,3825,3773,52,3610
2025-08-14 13:11:52,3837,3747,90,3605
2025-08-14 13:12:07,3858,3744,114,3605
2025-08-14 13:12:22,3841,3719,122,3634
2025-08-14 13:12:37,3831,3748,83,3634
2025-08-14 13:12:52,3858,3753,105,3633
2025-08-14 13:13:07,3888,3711,177,3633
2025-08-14 13:13:22,3894,3700,194,3641
2025-08-14 13:13:38,3937,3754,182,3641
2025-08-14 13:13:53,3906,3730,177,3641
2025-08-14 13:14:08,3926,3736,190,3641
2025-08-14 13:14:23,3947,3663,285,3724
2025-08-14 13:14:38,3893,3711,183,3724
2025-08-14 13:14:53,3946,3657,289,3827
2025-08-14 13:15:08,3938,3674,264,3827
2025-08-14 13:15:23,3941,3669,272,3792
2025-08-14 13:15:38,3869,3673,195,3792
2025-08-14 13:15:53,3962,3653,309,3808
2025-08-14 13:16:08,3969,3676,293,3808
2025-08-14 13:16:23,3688,3720,-32,3823
2025-08-14 13:16:39,1797,3772,-1975,3823
2025-08-14 13:16:54,1218,3746,-2528,3833
2025-08-14 13:17:12,1494,3778,-2284,3833
2025-08-14 13:17:28,2633,3691,-1058,3848
2025-08-14 13:17:43,1366,3743,-2376,3848
2025-08-14 13:17:58,1586,3743,-2158,3715
2025-08-14 13:18:13,4021,3660,361,3715
2025-08-14 13:18:28,4119,3678,441,3715
2025-08-14 13:18:43,4193,3680,513,3715
2025-08-14 13:18:58,4192,3669,522,3692
2025-08-14 13:19:13,4211,3661,550,3692
2025-08-14 13:19:28,3692,3655,37,3692
2025-08-14 13:19:44,3657,3654,2,3692
2025-08-14 13:19:59,4179,3644,536,3474
2025-08-14 13:20:14,3471,3721,-250,3474
2025-08-14 13:20:29,4127,3663,464,3363
2025-08-14 13:20:44,4055,3645,411,3363
2025-08-14 13:20:59,4142,3662,480,3421
2025-08-14 13:21:14,4169,3607,562,3421
2025-08-14 13:21:29,4290,3600,690,3355
2025-08-14 13:21:44,4181,3574,607,3355
2025-08-14 13:22:00,1285,3713,-2428,3356
2025-08-14 13:22:15,1130,3689,-2559,3356
2025-08-14 13:22:30,1146,3722,-2575,3374
2025-08-14 13:22:45,1125,3727,-2602,3374
2025-08-14 13:23:00,1170,3749,-2580,3381
2025-08-14 13:23:15,2066,3762,-1696,3381
2025-08-14 13:23:30,1400,3845,-2445,3347
2025-08-14 13:23:45,1193,3737,-2544,3347
2025-08-14 13:24:00,1076,3678,-2602,3294
2025-08-14 13:24:15,1069,3755,-2686,3294
2025-08-14 13:24:30,1036,3739,-2703,3251
2025-08-14 13:24:46,1063,3713,-2651,3251
2025-08-14 13:25:01,1071,3767,-2696,3251
2025-08-14 13:25:16,1065,3775,-2711,3251
2025-08-14 13:25:31,1058,3730,-2671,2918
2025-08-14 13:25:46,1076,3736,-2659,2918
2025-08-14 13:26:01,1087,3732,-2646,2632
2025-08-14 13:26:16,1114,3761,-2647,2632
2025-08-14 13:26:31,1188,3748,-2560,2557
2025-08-14 13:26:46,1268,3742,-2474,2557
2025-08-14 13:27:01,1930,3684,-1754,2416
2025-08-14 13:27:16,1904,3733,-1829,2416
2025-08-14 13:27:32,1236,3741,-2505,2402
2025-08-14 13:27:47,1155,3738,-2583,2402
2025-08-14 13:28:02,1123,3717,-2595,2360
2025-08-14 13:28:17,1120,3778,-2658,2360
2025-08-14 13:28:32,1102,3781,-2678,2337
2025-08-14 13:28:47,1090,3732,-2642,2337
2025-08-14 13:29:02,1108,3791,-2684,1903
2025-08-14 13:29:17,1101,3768,-2667,1903
2025-08-14 13:29:32,1114,3769,-2655,1890
2025-08-14 13:29:47,1138,3732,-2594,1890
2025-08-14 13:30:02,1160,3829,-2669,1751
2025-08-14 13:30:18,1203,3783,-2580,1751
2025-08-14 13:30:33,1221,3731,-2510,1751
2025-08-14 13:30:48,1234,3753,-2519,1751
2025-08-14 13:31:03,1317,3761,-2444,1439
2025-08-14 13:31:18,1426,3750,-2323,1439
2025-08-14 13:31:33,1379,3695,-2316,1283
2025-08-14 13:31:48,1389,3729,-2340,1255
2025-08-14 13:32:03,1429,3765,-2336,1255
2025-08-14 13:32:18,1442,3687,-2244,1255
2025-08-14 13:32:33,1438,3717,-2279,1233
2025-08-14 13:32:48,1486,1083,403,1235
2025-08-14 13:33:04,1938,1029,909,1235
2025-08-14 13:33:19,1729,1030,699,1235
2025-08-14 13:33:34,1434,1035,399,1244
2025-08-14 13:33:49,1425,966,459,1255
2025-08-14 13:34:04,1439,572,866,1255
2025-08-14 13:34:19,1446,540,906,1255
2025-08-14 13:34:34,1510,531,978,1271
2025-08-14 13:34:49,1899,544,1355,1281
2025-08-14 13:35:04,4560,391,4169,1281
2025-08-14 13:35:23,4503,530,3973,1331
2025-08-14 13:35:38,4491,569,3922,1331
2025-08-14 13:35:53,4454,553,3901,1331
2025-08-14 13:36:08,4487,533,3954,1331
2025-08-14 13:36:23,4483,630,3852,1631
2025-08-14 13:36:38,4512,571,3941,1631
2025-08-14 13:36:53,4479,547,3933,1894
2025-08-14 13:37:08,4486,546,3940,1894
2025-08-14 13:37:23,4473,596,3877,1993
2025-08-14 13:37:39,4507,504,4003,1993
2025-08-14 13:37:54,4502,507,3996,2135
2025-08-14 13:38:09,4493,511,3982,2135
2025-08-14 13:38:24,4470,488,3982,2159
2025-08-14 13:38:39,4285,488,3796,2159
2025-08-14 13:38:56,4385,549,3836,2212
2025-08-14 13:39:11,4193,540,3654,2212
2025-08-14 13:39:26,4209,578,3631,2277
2025-08-14 13:39:41,4520,531,3990,2277
2025-08-14 13:39:56,4565,555,4010,2884
2025-08-14 13:40:11,4609,504,4106,2884
2025-08-14 13:40:26,4624,488,4135,2903
2025-08-14 13:40:41,4471,491,3980,2903
2025-08-14 13:40:57,4355,514,3841,3136
2025-08-14 13:41:12,4052,541,3511,3136
2025-08-14 13:41:27,4393,542,3852,3136
2025-08-14 13:41:42,4392,521,3871,3136
2025-08-14 13:41:57,3991,532,3458,3745
2025-08-14 13:42:12,3763,603,3160,3745
2025-08-14 13:42:27,3740,547,3194,4093
2025-08-14 13:42:42,3349,586,2763,4093
2025-08-14 13:42:57,2785,611,2174,4194
2025-08-14 13:43:13,3441,593,2848,4194
2025-08-14 13:43:28,3304,623,2681,4268
2025-08-14 13:43:43,2587,646,1940,4268
2025-08-14 13:43:58,2761,629,2133,4278
2025-08-14 13:44:13,2545,635,1910,4278
2025-08-14 13:44:28,1410,704,706,4291
2025-08-14 13:44:43,1465,670,794,4291
2025-08-14 13:44:58,1363,681,682,4314
2025-08-14 13:45:13,1305,688,616,4314
2025-08-14 13:45:29,1347,678,669,4110
2025-08-14 13:45:44,1524,682,842,4110
2025-08-14 13:45:59,4355,589,3766,4103
2025-08-14 13:46:14,4419,584,3835,4103
2025-08-14 13:46:29,4369,549,3820,3976
2025-08-14 13:46:44,4513,543,3970,3976
2025-08-14 13:46:59,4395,556,3839,3976
2025-08-14 13:47:14,4586,567,4019,3976
2025-08-14 13:47:29,4575,571,4004,3585
2025-08-14 13:47:44,4677,510,4167,3585
2025-08-14 13:48:00,4686,524,4162,3345
2025-08-14 13:48:15,4598,539,4059,3345
2025-08-14 13:48:30,4516,550,3966,3251
2025-08-14 13:48:45,4439,522,3917,3251
2025-08-14 13:49:00,4457,510,3948,3190
2025-08-14 13:49:15,4620,516,4105,3190
2025-08-14 13:49:30,4688,519,4169,3193
2025-08-14 13:49:45,4560,513,4047,3193
2025-08-14 13:50:00,4601,589,4011,3235
2025-08-14 13:50:16,4664,549,4115,3235
2025-08-14 13:50:31,4552,546,4006,3246
2025-08-14 13:50:46,4668,562,4105,3246
2025-08-14 13:51:01,4594,572,4022,3444
2025-08-14 13:51:16,4634,550,4084,3444
2025-08-14 13:51:31,4555,578,3977,3462
2025-08-14 13:51:46,4514,568,3946,3462
2025-08-14 13:52:01,4647,619,4028,3589
2025-08-14 13:52:16,4542,598,3944,3589
2025-08-14 13:52:31,4548,535,4013,3589
2025-08-14 13:52:46,2820,627,2192,3589
2025-08-14 13:53:02,1586,674,912,3968
2025-08-14 13:53:17,1563,658,905,3968
2025-08-14 13:53:32,1582,673,908,4173
2025-08-14 13:53:47,1778,659,1119,4173
2025-08-14 13:54:02,3300,657,2643,4216
2025-08-14 13:54:17,3905,573,3332,4216
2025-08-14 13:54:32,4615,589,4026,4248
2025-08-14 13:54:47,4509,583,3926,4248
2025-08-14 13:55:02,4511,639,3871,4262
2025-08-14 13:55:17,4415,573,3841,4262
2025-08-14 13:55:32,4459,578,3880,4287
2025-08-14 13:55:47,4615,514,4101,4287
2025-08-14 13:56:03,4617,535,4083,4284
2025-08-14 13:56:18,2335,618,1717,4284
2025-08-14 13:56:33,1839,638,1200,4159
2025-08-14 13:56:48,1651,693,958,4159
2025-08-14 13:57:03,1809,659,1150,4161
2025-08-14 13:57:18,4831,493,4338,4161
2025-08-14 13:57:33,4669,512,4158,4063
2025-08-14 13:57:48,4758,515,4243,4063
2025-08-14 13:58:13,3976,661,3315,4063
2025-08-14 13:58:28,4777,567,4210,3762
2025-08-14 13:58:43,4822,565,4257,3762
2025-08-14 13:58:58,4639,520,4119,3762
2025-08-14 13:59:13,4497,530,3966,3674
2025-08-14 13:59:28,4689,513,4177,3678
2025-08-14 13:59:43,4678,567,4111,3678
2025-08-14 13:59:58,4690,617,4072,3697
2025-08-14 14:00:14,4710,564,4146,3697
2025-08-14 14:00:29,4697,554,4142,3735
2025-08-14 14:00:44,4782,535,4247,3735
2025-08-14 14:00:59,4743,531,4212,3772
2025-08-14 14:01:14,4761,524,4238,3772
2025-08-14 14:01:29,4706,557,4149,3776
2025-08-14 14:01:44,4701,511,4190,3776
2025-08-14 14:02:00,4479,443,4036,3848
2025-08-14 14:02:15,4551,448,4103,3848
2025-08-14 14:02:30,4270,517,3753,3887
2025-08-14 14:02:45,4407,557,3850,3887
2025-08-14 14:03:00,4238,477,3761,3980
2025-08-14 14:03:15,4587,467,4120,3980
2025-08-14 14:03:30,4614,500,4114,3980
2025-08-14 14:03:45,4697,404,4293,3980
2025-08-14 14:04:01,4696,477,4218,4257
2025-08-14 14:04:16,4682,414,4269,4257
2025-08-14 14:04:31,4547,487,4060,4416
2025-08-14 14:04:46,4479,456,4024,4416
2025-08-14 14:05:01,4456,422,4034,4450
2025-08-14 14:05:16,4557,446,4111,4450
2025-08-14 14:05:31,4511,449,4062,4477
2025-08-14 14:05:46,4614,483,4131,4477
2025-08-14 14:06:01,4433,480,3953,4503
2025-08-14 14:06:17,4370,463,3907,4503
2025-08-14 14:06:32,4260,488,3772,4542
2025-08-14 14:06:47,3935,495,3441,4542
2025-08-14 14:07:02,4342,458,3884,4538
2025-08-14 14:07:17,4280,459,3821,4538
2025-08-14 14:07:32,4453,512,3941,4558
2025-08-14 14:07:47,4493,487,4006,4558
2025-08-14 14:08:02,4166,474,3692,4593
2025-08-14 14:08:17,3641,458,3183,4593
2025-08-14 14:08:32,2869,488,2381,4565
2025-08-14 14:08:47,2951,474,2477,4565
2025-08-14 14:09:03,4007,429,3579,4565
2025-08-14 14:09:18,4234,449,3786,4565
2025-08-14 14:09:33,4182,416,3767,4456
2025-08-14 14:09:48,4140,427,3713,4456
2025-08-14 14:10:03,3787,442,3344,4367
2025-08-14 14:10:18,4090,415,3675,4367
2025-08-14 14:10:33,4125,551,3574,4358
2025-08-14 14:10:48,3933,574,3359,4358
2025-08-14 14:11:04,3848,581,3267,4315
2025-08-14 14:11:19,3833,610,3222,4315
2025-08-14 14:11:34,3943,586,3356,4302
2025-08-14 14:11:49,4235,572,3662,4302
2025-08-14 14:12:04,4339,590,3750,4266
2025-08-14 14:12:19,4398,552,3846,4266
2025-08-14 14:12:34,4240,570,3670,4243
2025-08-14 14:12:49,4100,617,3483,4243
2025-08-14 14:13:04,4382,613,3769,4153
2025-08-14 14:13:19,4339,613,3726,4153
2025-08-14 14:13:34,4202,612,3590,4119
2025-08-14 14:13:50,4181,603,3578,4119
2025-08-14 14:14:05,4135,615,3521,4086
2025-08-14 14:14:20,4270,656,3614,4086
2025-08-14 14:14:35,4371,578,3792,4086
2025-08-14 14:14:50,4354,576,3778,4086
2025-08-14 14:15:05,4196,622,3575,4068
2025-08-14 14:15:20,4338,611,3727,4068
2025-08-14 14:15:35,4349,609,3740,4087
2025-08-14 14:15:50,4339,602,3737,4087
2025-08-14 14:16:05,4449,606,3843,4105
2025-08-14 14:16:20,4510,578,3932,4105
2025-08-14 14:16:35,4565,581,3984,4109
2025-08-14 14:16:51,4543,618,3924,4109
2025-08-14 14:17:06,4500,627,3872,4123
2025-08-14 14:17:21,4477,632,3845,4123
2025-08-14 14:17:36,4491,635,3856,4144
2025-08-14 14:17:51,4472,3113,1359,4144
2025-08-14 14:18:06,4434,3544,890,4154
2025-08-14 14:18:21,4381,3758,623,4154
2025-08-14 14:18:36,4396,3728,668,4203
2025-08-14 14:18:51,4374,3747,627,4203
2025-08-14 14:19:06,4402,3745,657,4219
2025-08-14 14:19:22,4344,3769,575,4219
2025-08-14 14:19:37,2682,3836,-1154,4256
2025-08-14 14:19:52,1059,3856,-2798,4256
2025-08-14 14:20:07,947,3899,-2952,4256
2025-08-14 14:20:22,919,3872,-2953,4256
2025-08-14 14:20:37,969,3876,-2907,4173
2025-08-14 14:20:52,3306,3838,-532,4173
2025-08-14 14:21:07,4112,3747,365,4087
2025-08-14 14:21:22,4078,3752,326,4087
2025-08-14 14:21:37,3974,3786,189,4047
2025-08-14 14:21:52,3922,3738,184,4047
2025-08-14 14:22:08,3876,3780,96,4000
2025-08-14 14:22:23,3899,3751,149,4000
2025-08-14 14:22:38,3790,3835,-45,3975
2025-08-14 14:22:53,3694,3800,-106,3975
2025-08-14 14:23:45,3844,3799,46,3895
2025-08-14 14:24:01,3756,3770,-14,3895
2025-08-14 14:24:16,3536,3788,-252,3708
2025-08-14 14:24:31,3752,3797,-45,3652
2025-08-14 14:24:46,3895,3778,116,3652
2025-08-14 14:25:01,3888,3775,114,3562
2025-08-14 14:25:16,3789,3771,18,3562
2025-08-14 14:25:31,3963,3804,159,3562
2025-08-14 14:25:46,4042,3763,279,3562
2025-08-14 14:26:01,4153,3761,392,3502
2025-08-14 14:26:16,3977,3791,186,3502
2025-08-14 14:26:32,3983,3791,192,3502
2025-08-14 14:26:47,4087,3796,291,3592
2025-08-14 14:27:02,4063,3796,266,3607
2025-08-14 14:27:17,3887,3755,132,3607
2025-08-14 14:27:32,3939,3775,164,3620
2025-08-14 14:27:47,4033,3754,279,3620
2025-08-14 14:28:02,4116,3787,328,3630
2025-08-14 14:28:17,4094,3830,265,3630
2025-08-14 14:28:32,4112,3802,311,3652
2025-08-14 14:28:47,4053,3828,225,3652
2025-08-14 14:29:02,4034,3851,182,3677
2025-08-14 14:29:27,4220,3841,379,3677
2025-08-14 14:29:42,4251,3781,470,3773
2025-08-14 14:29:57,4245,3753,491,3773
2025-08-14 14:30:12,4174,3774,400,3792
2025-08-14 14:30:27,4147,3787,361,3792
2025-08-14 14:30:42,4026,3856,170,3860
2025-08-14 14:30:58,4068,3865,203,3860
2025-08-14 14:31:13,4123,3792,330,3860
2025-08-14 14:31:28,3981,3809,172,3860
2025-08-14 14:31:43,4042,3772,270,3955
2025-08-14 14:31:58,4097,3822,275,3955
2025-08-14 14:32:13,4163,3806,357,4024
2025-08-14 14:32:28,4171,3776,396,4024
2025-08-14 14:32:43,4172,3787,385,4039
2025-08-14 14:32:58,4040,3780,260,4039
2025-08-14 14:33:13,4012,3771,242,4052
2025-08-14 14:33:28,3949,3778,170,4052
2025-08-14 14:33:44,3582,3825,-243,4067
2025-08-14 14:33:59,3574,3841,-268,4067
2025-08-14 14:34:14,3587,3839,-251,4079
2025-08-14 14:34:29,3601,3846,-244,4079
2025-08-14 14:34:44,3655,3871,-217,4083
2025-08-14 14:34:59,3773,3997,-224,4083
2025-08-14 14:35:14,3728,3929,-201,4080
2025-08-14 14:35:29,3849,3987,-138,4080
2025-08-14 14:35:44,3961,3965,-5,4055
2025-08-14 14:35:59,4162,3956,206,4055
2025-08-14 14:36:14,4198,3945,253,4031
2025-08-14 14:36:30,4282,3940,342,4031
2025-08-14 14:36:45,4312,3935,376,4031
2025-08-14 14:37:00,4374,3952,423,4031
2025-08-14 14:37:15,4384,3941,443,4006
2025-08-14 14:37:30,4462,3969,494,4006
2025-08-14 14:37:45,4487,3957,530,3960
2025-08-14 14:38:00,4617,3997,619,3960
2025-08-14 14:38:15,3649,3959,-310,3959
2025-08-14 14:38:30,3582,3920,-338,3959
2025-08-14 14:38:45,1642,4030,-2388,3956
2025-08-14 14:39:01,1323,4044,-2721,3956
2025-08-14 14:39:16,1234,4092,-2859,3977
2025-08-14 14:40:05,4760,3878,881,3943
2025-08-14 14:40:21,4770,3894,876,3943
2025-08-14 14:40:36,4750,3868,883,3876
2025-08-14 14:40:51,4679,3889,790,3876
2025-08-14 14:41:06,4314,3918,396,3872
2025-08-14 14:41:21,4721,3941,780,3872
2025-08-14 14:41:36,4699,3941,759,3869
2025-08-14 14:41:51,4678,3937,741,3869
2025-08-14 14:42:06,4591,3943,647,3869
2025-08-14 14:42:21,4682,3946,736,3869
2025-08-14 14:42:36,4493,3975,518,3814
2025-08-14 14:42:51,1600,4051,-2451,3814
2025-08-14 14:43:07,1942,4072,-2129,3698
2025-08-14 14:43:22,1409,4054,-2644,3698
2025-08-14 14:43:37,1204,4119,-2915,3649
2025-08-14 14:43:52,1130,4084,-2954,3649
2025-08-14 14:44:07,1140,4061,-2921,3588
2025-08-14 14:44:22,1205,4063,-2858,3588
2025-08-14 14:44:37,1339,4076,-2737,3554
2025-08-14 14:44:52,3363,3987,-624,3554
2025-08-14 14:45:07,3818,3909,-91,3527
2025-08-14 14:45:22,3382,3922,-540,3527
2025-08-14 14:45:37,2261,4017,-1756,3522
2025-08-14 14:45:53,3740,3902,-162,3522
2025-08-14 14:46:08,3823,3975,-152,3429
2025-08-14 14:46:23,2703,4032,-1328,3429
2025-08-14 14:46:38,1467,4019,-2552,3423
2025-08-14 14:46:53,1617,4001,-2384,3423
2025-08-14 14:47:08,1968,3982,-2015,3344
2025-08-14 14:47:23,3931,3952,-21,3344
2025-08-14 14:47:38,2714,3982,-1268,3344
2025-08-14 14:47:53,2189,4011,-1822,3344
2025-08-14 14:48:08,3946,3913,32,2990
2025-08-14 14:48:24,4708,3866,842,2990
2025-08-14 14:48:39,4726,3850,876,2766
2025-08-14 14:48:54,4695,3843,852,2766
2025-08-14 14:49:09,4680,3835,845,2729
2025-08-14 14:49:24,4696,3862,833,2729
2025-08-14 14:49:39,4688,3896,792,2729
2025-08-14 14:49:54,4635,3873,761,2729
2025-08-14 14:50:09,4643,3853,790,2755
2025-08-14 14:50:24,4601,3826,775,2755
2025-08-14 14:50:39,4603,3872,730,2781
2025-08-14 14:50:54,4619,3864,756,2781
2025-08-14 14:51:10,4592,3841,751,2807
2025-08-14 14:51:25,4587,3836,751,2807
2025-08-14 14:51:40,2823,3951,-1128,2938
2025-08-14 14:51:55,2639,3923,-1284,2938
2025-08-14 14:52:10,1207,4017,-2810,2941
2025-08-14 14:52:29,1150,4008,-2858,2941
2025-08-14 14:52:44,1075,4014,-2939,3049
2025-08-14 14:52:59,1041,3990,-2949,3049
2025-08-14 14:53:14,998,4016,-3017,3049
2025-08-14 14:53:29,976,4062,-3086,3049
2025-08-14 14:53:44,958,4049,-3090,3331
2025-08-14 14:53:59,920,4047,-3127,3331
2025-08-14 14:54:14,892,4050,-3158,3454
2025-08-14 14:54:29,878,4089,-3211,3454
2025-08-14 14:54:44,875,4082,-3207,3460
2025-08-14 14:55:00,873,4061,-3188,3460
2025-08-14 14:55:15,851,4039,-3188,3416
2025-08-14 14:55:30,876,4037,-3161,3416
2025-08-14 14:55:45,853,4035,-3183,3346
2025-08-14 14:56:00,887,3998,-3111,3346
2025-08-14 14:56:15,900,4003,-3103,3229
2025-08-14 14:56:30,945,4061,-3115,3229
2025-08-14 14:56:45,961,4039,-3078,3133
2025-08-14 14:57:00,1053,4124,-3071,3133
2025-08-14 14:57:15,1092,4062,-2969,2683
2025-08-14 14:57:30,1226,4032,-2806,2683
2025-08-14 14:57:45,1422,4056,-2635,2643
2025-08-14 14:58:01,1422,4004,-2582,2643
2025-08-14 14:58:16,2896,3991,-1096,2394
2025-08-14 14:58:31,3037,3991,-953,2394
2025-08-14 14:58:46,3143,1271,1872,2394
2025-08-14 14:59:01,3228,1228,2000,2394
2025-08-14 14:59:16,3097,1237,1860,1872
2025-08-14 14:59:31,3194,1223,1970,1872
2025-08-14 14:59:46,3030,1193,1837,1550
2025-08-14 15:00:01,2721,762,1959,1550
2025-08-14 15:00:16,2715,733,1981,1479
2025-08-14 15:00:32,2615,657,1958,1479
2025-08-14 15:00:47,2423,684,1740,1442
2025-08-14 15:01:02,2330,634,1697,1442
2025-08-14 15:01:17,2007,699,1308,1435
2025-08-14 15:01:32,1738,710,1028,1435
2025-08-14 15:01:47,1538,674,864,1455
2025-08-14 15:02:02,1171,730,441,1455
2025-08-14 15:02:17,1247,704,543,1487
2025-08-14 15:02:32,2233,683,1550,1487
2025-08-14 15:02:47,2266,671,1595,1666
2025-08-14 15:03:03,2523,692,1831,1666
2025-08-14 15:03:18,1539,704,835,1686
2025-08-14 15:03:33,2987,682,2305,1686
2025-08-14 15:03:48,3571,649,2922,1829
2025-08-14 15:04:03,3410,707,2703,1829
2025-08-14 15:04:18,3407,642,2765,1829
2025-08-14 15:04:33,2490,692,1797,1829
2025-08-14 15:04:49,2548,648,1900,2106
2025-08-14 15:05:04,1287,723,564,2106
2025-08-14 15:05:19,1179,714,465,2268
2025-08-14 15:05:35,1156,733,423,2268
2025-08-14 15:05:50,1160,733,426,2299
2025-08-14 15:06:05,1187,689,498,2299
2025-08-14 15:06:20,1333,700,633,2311
2025-08-14 15:06:35,1674,685,989,2311
2025-08-14 15:06:50,2462,671,1791,2307
2025-08-14 15:07:05,2349,684,1665,2307
2025-08-14 15:07:20,1283,711,572,2298
2025-08-14 15:07:35,1339,717,623,2298
2025-08-14 15:07:50,1584,716,867,2294
2025-08-14 15:08:05,1946,707,1238,2294
2025-08-14 15:08:21,1631,700,931,2260
2025-08-14 15:08:36,1606,656,950,2260
2025-08-14 15:08:51,1636,756,880,2259
2025-08-14 15:09:06,4442,628,3814,2259
2025-08-14 15:09:21,4592,612,3980,2218
2025-08-14 15:09:36,4570,559,4011,2218
2025-08-14 15:09:51,4560,569,3991,2218
2025-08-14 15:10:06,4529,570,3959,2218
2025-08-14 15:10:21,4490,561,3929,2157
2025-08-14 15:10:36,4536,539,3997,2157
2025-08-14 15:10:51,2527,664,1863,2163
2025-08-14 15:11:06,3466,671,2795,2163
2025-08-14 15:11:22,4470,596,3875,2188
2025-08-14 15:11:37,4482,579,3903,2188
2025-08-14 15:11:52,4270,582,3688,2230
2025-08-14 15:12:07,1126,729,397,2230
2025-08-14 15:12:22,943,714,228,2284
2025-08-14 15:12:37,848,726,122,2284
2025-08-14 15:12:52,848,714,134,2336
2025-08-14 15:13:07,885,718,168,2336
2025-08-14 15:13:32,954,723,231,2373
2025-08-14 15:13:47,1023,690,333,2496
2025-08-14 15:14:02,1219,683,536,2496
2025-08-14 15:14:17,2454,618,1835,2499
2025-08-14 15:14:32,1972,664,1308,2499
2025-08-14 15:14:47,4654,570,4084,2596
2025-08-14 15:15:02,4598,585,4012,2596
2025-08-14 15:15:18,1201,695,506,2596
2025-08-14 15:15:33,1226,669,557,2596
2025-08-14 15:15:48,2551,629,1923,2655
2025-08-14 15:16:03,3396,627,2768,2655
2025-08-14 15:16:18,1272,655,616,2632
2025-08-14 15:16:33,1349,666,683,2632
2025-08-14 15:16:49,2990,599,2392,2609
2025-08-14 15:17:04,4617,558,4059,2609
2025-08-14 15:17:19,2875,603,2272,2568
2025-08-14 15:17:34,1632,716,916,2568
2025-08-14 15:17:49,1062,731,330,2520
2025-08-14 15:18:04,1067,776,291,2520
2025-08-14 15:18:19,1093,732,361,2468
2025-08-14 15:18:34,1607,717,890,2468
2025-08-14 15:18:50,2501,684,1817,2437
2025-08-14 15:19:05,4581,531,4050,2437
2025-08-14 15:19:20,4420,522,3898,2346
2025-08-14 15:19:35,4472,562,3909,2346
2025-08-14 15:19:50,4466,535,3931,2343
2025-08-14 15:20:05,4431,573,3858,2343
2025-08-14 15:20:20,4430,556,3874,2332
2025-08-14 15:20:35,4408,616,3791,2332
2025-08-14 15:20:50,4392,558,3833,2332
2025-08-14 15:21:43,4060,604,3456,2476
2025-08-14 15:21:58,4209,550,3659,2641
2025-08-14 15:22:13,4267,553,3714,2727
2025-08-14 15:22:28,4302,556,3746,2727
2025-08-14 15:22:43,4311,602,3708,2798
2025-08-14 15:23:02,4353,570,3783,2798
2025-08-14 15:23:17,4348,581,3767,2875
2025-08-14 15:23:32,4351,606,3745,2875
2025-08-14 15:23:47,4346,578,3768,2980
2025-08-14 15:24:02,4366,575,3791,2980
2025-08-14 15:24:17,4373,522,3852,3099
2025-08-14 15:24:33,4386,525,3860,3099
2025-08-14 15:24:48,4377,547,3831,3402
2025-08-14 15:25:03,4390,569,3822,3402
2025-08-14 15:25:18,4399,583,3816,3410
2025-08-14 15:25:33,4411,598,3813,3410
2025-08-14 15:25:48,4458,597,3862,3591
2025-08-14 15:26:04,4407,595,3812,3591
2025-08-14 15:26:19,4410,585,3825,3591
2025-08-14 15:26:34,4451,586,3865,3591
2025-08-14 15:26:49,4471,614,3857,3892
2025-08-14 15:27:04,4478,604,3874,3892
2025-08-14 15:27:19,4486,625,3861,4124
2025-08-14 15:27:34,4546,641,3905,4124
2025-08-14 15:27:49,2823,634,2189,4192
2025-08-14 15:28:04,2710,692,2018,4192
2025-08-14 15:28:19,3954,641,3314,4242
2025-08-14 15:28:34,1549,700,849,4242
2025-08-14 15:28:50,1679,655,1025,4264
2025-08-14 15:29:05,1698,658,1040,4264
2025-08-14 15:29:20,1148,726,422,4281
2025-08-14 15:29:35,1135,709,426,4281
2025-08-14 15:29:50,1790,652,1138,4257
2025-08-14 15:30:05,1925,744,1181,4257
2025-08-14 15:30:20,4172,564,3608,4114
2025-08-14 15:30:35,1265,685,581,4114
2025-08-14 15:30:50,1257,714,543,4119
2025-08-14 15:31:05,1059,687,372,4119
2025-08-14 15:31:20,1017,697,320,3991
2025-08-14 15:31:36,990,698,291,3991
2025-08-14 15:31:51,916,664,252,3991
2025-08-14 15:32:06,904,693,211,3991
2025-08-14 15:32:21,894,707,187,3527
2025-08-14 15:32:36,887,725,162,3527
2025-08-14 15:32:51,891,692,199,3087
2025-08-14 15:33:06,922,756,166,3087
2025-08-14 15:33:22,915,703,212,2908
2025-08-14 15:33:37,948,709,239,2908
2025-08-14 15:33:52,963,703,260,2752
2025-08-14 15:34:07,1014,728,286,2752
2025-08-14 15:34:22,3591,643,2948,2612
2025-08-14 15:34:37,4231,608,3623,2612
2025-08-14 15:34:52,4344,607,3737,2455
2025-08-14 15:35:07,4211,664,3548,2455
2025-08-14 15:35:22,4309,651,3658,2347
2025-08-14 15:35:37,4357,640,3717,2347
2025-08-14 15:35:52,4292,623,3670,2121
2025-08-14 15:36:08,4354,603,3751,2121
2025-08-14 15:36:23,4345,623,3722,2099
2025-08-14 15:36:38,4335,611,3724,2099
2025-08-14 15:36:53,4325,632,3693,2025
2025-08-14 15:37:08,4323,618,3705,2025
2025-08-14 15:37:23,4327,616,3711,2025
2025-08-14 15:37:38,4357,638,3719,2025
2025-08-14 15:37:53,4349,590,3759,2169
2025-08-14 15:38:08,4359,597,3762,2169
2025-08-14 15:38:23,4312,633,3680,2404
2025-08-14 15:38:38,4289,615,3674,2404
2025-08-14 15:38:54,4287,635,3652,2532
2025-08-14 15:39:09,4273,625,3648,2532
2025-08-14 15:39:24,4256,589,3667,2661
2025-08-14 15:39:39,4293,638,3655,2661
2025-08-14 15:39:54,4261,592,3669,2800
2025-08-14 15:40:09,4274,641,3634,2800
2025-08-14 15:40:24,4288,610,3679,2984
2025-08-14 15:40:39,4257,581,3677,2984
2025-08-14 15:40:54,4267,595,3672,3138
2025-08-14 15:41:10,4290,579,3711,3138
2025-08-14 15:41:25,4300,590,3710,3475
2025-08-14 15:41:40,1076,723,353,3475
2025-08-14 15:41:55,852,709,143,3497
2025-08-14 15:42:10,819,736,84,3497
2025-08-14 15:42:25,801,740,61,3674
2025-08-14 15:42:40,791,731,60,3674
2025-08-14 15:42:55,798,760,38,3674
2025-08-14 15:43:10,750,714,36,3674
2025-08-14 15:43:25,742,715,27,3716
2025-08-14 15:43:41,751,742,9,3716
2025-08-14 15:43:56,739,748,-9,3630
2025-08-14 15:44:11,730,743,-13,3630
2025-08-14 15:44:26,743,760,-16,3556
2025-08-14 15:44:41,759,771,-12,3556
2025-08-14 15:44:56,780,759,21,3469
2025-08-14 15:45:12,793,752,41,3469
2025-08-14 15:45:28,803,711,92,3360
2025-08-14 15:45:43,844,738,106,3360
2025-08-14 15:45:58,833,701,133,3190
2025-08-14 15:46:13,865,702,162,3190
2025-08-14 15:46:28,912,694,217,3021
2025-08-14 15:46:44,917,730,187,3021
2025-08-14 15:47:02,942,760,182,2552
2025-08-14 15:47:17,979,740,239,2519
2025-08-14 15:47:32,1000,738,262,2519
2025-08-14 15:47:47,1018,704,314,2156
2025-08-14 15:48:02,1042,734,307,2156
2025-08-14 15:48:17,1085,757,328,2156
2025-08-14 15:48:32,1140,764,376,2156
2025-08-14 15:48:48,1169,802,367,2156
2025-08-14 15:49:03,1202,817,385,1600
2025-08-14 15:49:18,1262,784,478,1600
2025-08-14 15:49:33,1612,737,876,1221
2025-08-14 15:49:48,2175,734,1441,1111
2025-08-14 15:50:03,4400,635,3766,1111
2025-08-14 15:50:18,4604,3066,1538,1111
2025-08-14 15:50:34,4592,3646,946,1055
2025-08-14 15:50:49,4574,3812,762,1037
2025-08-14 15:51:04,4547,3760,787,1037
2025-08-14 15:51:19,4521,3839,682,1037
2025-08-14 15:51:34,4517,3873,644,1068
2025-08-14 15:51:49,4496,3848,648,1135
2025-08-14 15:52:04,4499,3895,604,1135
2025-08-14 15:52:19,2506,3960,-1454,1352
2025-08-14 15:52:34,1160,4026,-2866,1352
2025-08-14 15:52:50,3939,3934,5,1382
2025-08-14 15:53:05,4421,3884,537,1382
2025-08-14 15:53:20,2581,3969,-1388,1627
2025-08-14 15:53:35,1204,4152,-2948,1627
2025-08-14 15:53:50,1066,4137,-3071,1627
2025-08-14 15:54:05,1012,4131,-3119,1627
2025-08-14 15:54:20,959,4055,-3096,2131
2025-08-14 15:54:35,940,4083,-3144,2131
2025-08-14 15:54:50,914,4051,-3137,2131
2025-08-14 15:55:05,977,4075,-3098,2522
2025-08-14 15:55:20,2028,4049,-2021,2651
2025-08-14 15:55:35,2844,3991,-1147,2651
2025-08-14 15:55:51,1043,4085,-3042,2739
2025-08-14 15:56:09,1027,4089,-3062,2739
2025-08-14 15:56:24,1341,4064,-2723,2781
2025-08-14 15:56:39,1385,3956,-2572,2781
2025-08-14 15:56:54,1541,4094,-2553,2798
2025-08-14 15:57:09,1256,4047,-2791,2798
2025-08-14 15:57:25,1115,4032,-2916,2773
2025-08-14 15:57:40,1050,4024,-2973,2773
2025-08-14 15:57:55,1021,4070,-3049,2632
2025-08-14 15:58:10,1049,4066,-3018,2632
2025-08-14 15:58:25,1033,4041,-3009,2632
2025-08-14 15:58:40,1069,4073,-3005,2632
2025-08-14 15:58:55,1065,4080,-3015,2418
2025-08-14 15:59:10,1117,4122,-3005,2418
2025-08-14 15:59:25,1163,4015,-2851,2418
2025-08-14 15:59:40,1787,4014,-2228,2418
2025-08-14 15:59:55,1540,4018,-2477,1999
2025-08-14 16:00:11,2160,4032,-1872,1999
2025-08-14 16:00:26,3440,3951,-511,1695
2025-08-14 16:00:41,3115,3883,-769,1695
2025-08-14 16:00:56,3819,3924,-105,1608
2025-08-14 16:01:11,4344,3934,411,1608
2025-08-14 16:01:26,4348,3952,396,1541
2025-08-14 16:01:46,4319,3931,387,1541
2025-08-14 16:02:01,4327,3959,367,1511
2025-08-14 16:02:16,4295,3961,335,1511
2025-08-14 16:02:31,4321,3989,331,1526
2025-08-14 16:02:46,4296,3983,313,1526
2025-08-14 16:03:01,4277,3996,281,1576
2025-08-14 16:03:16,4251,4000,251,1576
2025-08-14 16:03:31,4238,3974,264,1721
2025-08-14 16:03:47,4240,3985,255,1721
2025-08-14 16:04:02,4235,3966,269,1739
2025-08-14 16:04:17,4212,3883,330,1739
2025-08-14 16:04:32,4228,3884,344,1988
2025-08-14 16:04:47,4210,3862,347,1988
2025-08-14 16:05:02,4179,3827,351,1988
2025-08-14 16:05:17,4257,3845,412,1988
2025-08-14 16:05:32,4228,3873,355,2624
2025-08-14 16:05:47,4234,3880,354,2624
2025-08-14 16:06:02,4213,3875,338,3157
2025-08-14 16:06:17,4155,3885,271,3157
2025-08-14 16:06:33,4133,3903,230,3344
2025-08-14 16:06:48,4116,3870,246,3344
2025-08-14 16:07:03,4127,3917,210,3478
2025-08-14 16:07:18,4112,3871,240,3478
2025-08-14 16:07:33,4106,3928,178,3573
2025-08-14 16:07:48,4061,3932,130,3573
2025-08-14 16:08:08,855,4113,-3258,3753
2025-08-14 16:08:23,812,4115,-3302,3850
2025-08-14 16:08:38,794,4083,-3289,3850
2025-08-14 16:08:53,776,4077,-3301,3956
2025-08-14 16:09:08,754,4062,-3308,3956
2025-08-14 16:09:24,739,4116,-3377,3955
2025-08-14 16:09:39,697,4131,-3434,3955
2025-08-14 16:09:54,670,4038,-3368,3907
2025-08-14 16:10:09,674,4106,-3432,3907
2025-08-14 16:10:24,651,4082,-3430,3907
2025-08-14 16:10:39,682,4064,-3382,3907
2025-08-14 16:10:54,618,4020,-3401,3528
2025-08-14 16:11:09,645,4046,-3401,3528
2025-08-14 16:11:24,630,4105,-3476,3117
2025-08-14 16:11:39,643,4053,-3410,3117
2025-08-14 16:11:54,611,3998,-3387,2941
2025-08-14 16:12:10,597,4074,-3477,2941
2025-08-14 16:12:28,602,4142,-3540,2792
2025-08-14 16:12:43,573,4179,-3606,2792
2025-08-14 16:12:58,564,4082,-3517,2662
2025-08-14 16:13:13,543,4054,-3511,2662
2025-08-14 16:13:28,535,4033,-3498,2362
2025-08-14 16:13:43,518,4037,-3519,2362
2025-08-14 16:13:58,508,4055,-3547,2133
2025-08-14 16:14:13,511,4103,-3593,2133
2025-08-14 16:14:28,496,4103,-3607,1753
2025-08-14 16:14:44,482,4104,-3622,1753
2025-08-14 16:14:59,501,4117,-3616,1713
2025-08-14 16:15:14,503,4147,-3644,1713
2025-08-14 16:15:29,535,4190,-3656,1441
2025-08-14 16:15:44,510,4115,-3605,1441
2025-08-14 16:15:59,549,4096,-3547,1441
2025-08-14 16:16:14,543,4072,-3529,1441
2025-08-14 16:16:29,529,4014,-3485,1027
2025-08-14 16:16:44,540,4035,-3495,1027
2025-08-14 16:16:59,543,4039,-3496,744
2025-08-14 16:17:14,552,4009,-3457,744
2025-08-14 16:17:30,532,4044,-3512,664
2025-08-14 16:17:45,559,4042,-3483,664
2025-08-14 16:18:00,558,4013,-3454,618
2025-08-14 16:18:15,576,3914,-3339,618
2025-08-14 16:18:30,594,3936,-3342,598
2025-08-14 16:18:45,587,3908,-3320,598
2025-08-14 16:19:00,606,3869,-3263,581
2025-08-14 16:19:15,646,3873,-3227,581
2025-08-14 16:19:30,653,3905,-3253,577
2025-08-14 16:19:45,660,3880,-3220,577
2025-08-14 16:20:01,645,3944,-3299,568
2025-08-14 16:20:16,666,3908,-3241,568
2025-08-14 16:20:31,686,3887,-3201,568
2025-08-14 16:20:46,691,3919,-3228,568
2025-08-14 16:21:01,726,3897,-3172,568
2025-08-14 16:21:16,710,3933,-3223,568
2025-08-14 16:21:31,732,3884,-3153,568
2025-08-14 16:21:46,735,3877,-3142,568
2025-08-14 16:22:01,747,3890,-3143,580
2025-08-14 16:22:16,762,3847,-3085,580
2025-08-14 16:22:31,770,3873,-3103,597
2025-08-14 16:22:47,779,3831,-3051,597
2025-08-14 16:23:02,776,3871,-3095,603
2025-08-14 16:23:17,806,3855,-3049,603
2025-08-14 16:23:32,820,3856,-3037,613
2025-08-14 16:23:47,853,3868,-3014,613
2025-08-14 16:24:02,867,3859,-2992,616
2025-08-14 16:24:17,886,3878,-2992,616
2025-08-14 16:24:32,905,3906,-3001,631
2025-08-14 16:24:47,864,3858,-2994,631
2025-08-14 16:25:02,909,3871,-2962,643
2025-08-14 16:25:18,920,3905,-2984,643
2025-08-14 16:25:33,951,3943,-2992,668
2025-08-14 16:25:48,970,3925,-2955,668
2025-08-14 16:26:03,961,3862,-2901,681
2025-08-14 16:26:18,1018,3885,-2868,681
2025-08-14 16:26:33,1033,3913,-2880,703
2025-08-14 16:26:50,1064,3855,-2791,703
2025-08-14 16:27:05,1095,3865,-2769,703
2025-08-14 16:27:20,1147,3881,-2735,703
2025-08-14 16:27:35,1180,3858,-2678,769
2025-08-14 16:27:50,1241,3843,-2603,769
2025-08-14 16:28:05,1305,3851,-2546,826
2025-08-14 16:28:21,1375,3865,-2491,826
2025-08-14 16:28:36,1468,3939,-2470,846
2025-08-14 16:28:51,1504,3913,-2409,846
2025-08-14 16:29:06,1608,3867,-2259,869
2025-08-14 16:29:21,1762,3862,-2100,869
2025-08-14 16:29:36,3457,3813,-356,883
2025-08-14 16:29:51,3789,3759,30,883
2025-08-14 16:30:06,4558,3734,824,934
2025-08-14 16:30:21,4532,3781,751,934
2025-08-14 16:30:36,4601,3773,828,989
2025-08-14 16:30:52,4582,3777,805,989
2025-08-14 16:31:07,4544,3810,734,1132
2025-08-14 16:31:22,4417,3788,629,1132
2025-08-14 16:31:37,4354,3803,551,1199
2025-08-14 16:31:52,4420,3830,590,1199
2025-08-14 16:32:07,4304,3805,500,1387
2025-08-14 16:32:22,4287,3797,490,1387
2025-08-14 16:32:37,4139,3807,332,1387
2025-08-14 16:32:52,4192,3816,375,1387
2025-08-14 16:33:07,4146,3809,336,1928
2025-08-14 16:33:22,4121,3796,325,1928
2025-08-14 16:33:37,4114,3751,363,2395
2025-08-14 16:33:53,4045,3766,278,2395
2025-08-14 16:34:08,4014,3798,217,2578
2025-08-14 16:34:23,4053,3757,296,2578
2025-08-14 16:34:38,4021,3794,227,2710
2025-08-14 16:34:53,4098,3779,319,2710
2025-08-14 16:35:08,4014,3788,227,2816
2025-08-14 16:35:23,4081,3791,289,2816
2025-08-14 16:35:38,4000,3829,171,3129
2025-08-14 16:35:53,4101,3784,318,3129
2025-08-14 16:36:09,4011,3798,214,3307
2025-08-14 16:36:24,4057,3739,318,3307
2025-08-14 16:36:39,4065,3814,251,3544
2025-08-14 16:36:54,3982,3845,137,3544
2025-08-14 16:37:09,3970,3833,137,3621
2025-08-14 16:37:24,3907,3759,147,3621
2025-08-14 16:37:43,3878,3786,92,3784
2025-08-14 16:37:58,3878,3743,136,3784
2025-08-14 16:38:13,3882,3807,75,3784
2025-08-14 16:38:28,3857,3722,135,3784
2025-08-14 16:38:44,3836,3732,104,3979
2025-08-14 16:38:59,3863,3758,105,3979
2025-08-14 16:39:14,3909,3769,140,4068
2025-08-14 16:39:29,3848,3795,53,4093
2025-08-14 16:39:44,3892,3774,118,4093
2025-08-14 16:39:59,3807,3835,-28,4082
2025-08-14 16:40:14,3753,3874,-122,4082
2025-08-14 16:40:39,3714,3831,-117,4070
2025-08-14 16:40:54,3672,3881,-210,4070
